営業日,月,日程,曜日,日次売上額,日次目標額,日次差額,日次達成率,月次目標累積,月次売上累積,月次差額,月次達成率,年次目標累積,年次売上累積,年次差額,年次達成率
business_day,month,date,dow,d_sales,d_target,d_diff,d_ach,m_target,m_sales,m_diff,m_ach,y_target,y_sales,y_diff,y_ach
,1,2024-01-01,Mon,,,,,,,,,,,,
,1,2024-01-02,Tue,,,,,,,,,,,,
,1,2024-01-03,Wed,,,,,,,,,,,,
,1,2024-01-04,Thu,,,,,,,,,,,,
1,1,2024-01-05,Fri,365950,221795,144155,1.649947438,221795,365950,144155,1.649947438,221795,365950,144155,1.649947438
,1,2024-01-06,Sat,,,,,,,,,,,,
,1,2024-01-07,Sun,,,,,,,,,,,,
1,1,2024-01-08,Mon,250000,221795,28205,1.127167262,443590,615950,172360,1.38855735,443590,615950,172360,1.38855735
1,1,2024-01-09,Tue,143850,221795,-77945,0.648572042,665385,759800,94415,1.141895581,665385,759800,94415,1.141895581
1,1,2024-01-10,Wed,331400,221795,109605,1.494172922,887180,1091200,204020,1.229964916,887180,1091200,204020,1.229964916
1,1,2024-01-11,Thu,263220,221795,41425,1.186771866,1108975,1354420,245445,1.221326306,1108975,1354420,245445,1.221326306
1,1,2024-01-12,Fri,230860,221795,9065,1.040871336,1330770,1585280,254510,1.191250478,1330770,1585280,254510,1.191250478
1,1,2024-01-13,Sat,50050,221795,-171745,0.225658886,1552565,1635330,82765,1.053308822,1552565,1635330,82765,1.053308822
,1,2024-01-14,Sun,,,,,,,,,,,,
1,1,2024-01-15,Mon,189100,221795,-32695,0.852589317,1774360,1824430,50070,1.028218884,1774360,1824430,50070,1.028218884
1,1,2024-01-16,Tue,212700,221795,-9095,0.958993906,1996154,2037130,40976,1.020527219,1996154,2037130,40976,1.020527219
1,1,2024-01-17,Wed,172600,221795,-49195,0.778196277,2217949,2209730,-8219,0.996294125,2217949,2209730,-8219,0.996294125
1,1,2024-01-18,Thu,155450,221795,-66345,0.700872603,2439744,2365180,-74564,0.969437623,2439744,2365180,-74564,0.969437623
1,1,2024-01-19,Fri,286750,221795,64955,1.292860849,2661539,2651930,-9609,0.996389559,2661539,2651930,-9609,0.996389559
1,1,2024-01-20,Sat,139100,221795,-82695,0.627155864,2883334,2791030,-92304,0.967986967,2883334,2791030,-92304,0.967986967
,1,2024-01-21,Sun,,,,,,,,,,,,
1,1,2024-01-22,Mon,250550,221795,28755,1.12964703,3105129,3041580,-63549,0.979534114,3105129,3041580,-63549,0.979534114
1,1,2024-01-23,Tue,312544,221795,90749,1.409157458,3326924,3354124,27200,1.00817567,3326924,3354124,27200,1.00817567
1,1,2024-01-24,Wed,255500,221795,33705,1.151964941,3548719,3609624,60905,1.0171625,3548719,3609624,60905,1.0171625
1,1,2024-01-25,Thu,252450,221795,30655,1.138213501,3770514,3862074,91560,1.024283147,3770514,3862074,91560,1.024283147
1,1,2024-01-26,Fri,288150,221795,66355,1.299172986,3992309,4150224,157915,1.039554805,3992309,4150224,157915,1.039554805
1,1,2024-01-27,Sat,114650,221795,-107145,0.516918906,4214104,4264874,50770,1.012047652,4214104,4264874,50770,1.012047652
,1,2024-01-28,Sun,,,,,,,,,,,,
1,1,2024-01-29,Mon,322450,221795,100655,1.453820334,4435899,4587324,151425,1.034136286,4435899,4587324,151425,1.034136286
1,1,2024-01-30,Tue,188550,221795,-33245,0.850109549,4657694,4775874,118180,1.025373108,4657694,4775874,118180,1.025373108
1,1,2024-01-31,Wed,206500,221795,-15295,0.931040158,4879489,4982374,102885,1.021085247,4879489,4982374,102885,1.021085247
1,2,2024-02-01,Thu,218090,209473,8617,1.041136552,209473,218090,8617,1.041136552,5088962,5200464,111502,1.021910603
1,2,2024-02-02,Fri,236480,209473,27007,1.128928295,418946,454570,35624,1.085032423,5298435,5436944,138509,1.026141535
1,2,2024-02-03,Sat,113750,209473,-95723,0.543029404,628419,568320,-60099,0.90436475,5507908,5550694,42786,1.007768143
,2,2024-02-04,Sun,,,,,,,,,,,,
1,2,2024-02-05,Mon,155200,209473,-54273,0.740906932,837892,723520,-114372,0.863500296,5717381,5705894,-11487,0.997990901
1,2,2024-02-06,Tue,191910,209473,-17563,0.916156246,1047365,915430,-131935,0.874031486,5926854,5897804,-29050,0.995098616
1,2,2024-02-07,Wed,331350,209473,121877,1.581826753,1256838,1246780,-10058,0.991997364,6136327,6229154,92827,1.015127488
1,2,2024-02-08,Thu,178550,209473,-30923,0.852377144,1466311,1425330,-40981,0.972051618,6345800,6407704,61904,1.009755146
1,2,2024-02-09,Fri,291050,209473,81577,1.389439192,1675784,1716380,40596,1.024225065,6555273,6698754,143481,1.021887907
1,2,2024-02-10,Sat,222220,209473,12747,1.060852696,1885257,1938600,53343,1.028294802,6764746,6920974,156228,1.023094467
,2,2024-02-11,Sun,,,,,,,,,,,,
,2,2024-02-12,Mon,,,,,,,,,,,,
1,2,2024-02-13,Tue,138350,209473,-71123,0.660466972,2094730,2076950,-17780,0.991512019,6974219,7059324,85105,1.012202829
1,2,2024-02-14,Wed,185750,209473,-23723,0.886749115,2304203,2262700,-41503,0.981988118,7183692,7245074,61382,1.008544658
1,2,2024-02-15,Thu,270370,209473,60897,1.290715253,2513676,2533070,19394,1.00771538,7393165,7515444,122279,1.016539492
1,2,2024-02-16,Fri,324150,209473,114677,1.547454782,2723149,2857220,134071,1.049233795,7602638,7839594,236956,1.031167628
1,2,2024-02-17,Sat,136800,209473,-72673,0.653067451,2932622,2994020,61398,1.020936199,7812111,7976394,164283,1.021029295
,2,2024-02-18,Sun,,,,,,,,,,,,
1,2,2024-02-19,Mon,285600,209473,76127,1.36342152,3142095,3279620,137525,1.043768554,8021584,8261994,240410,1.029970413
1,2,2024-02-20,Tue,316820,209473,107347,1.512462205,3351568,3596440,244872,1.073061907,8231057,8578814,347757,1.042249396
1,2,2024-02-21,Wed,135300,209473,-74173,0.645906623,3561041,3731740,170699,1.047935126,8440530,8714114,273584,1.032413152
1,2,2024-02-22,Thu,331320,209473,121847,1.581683536,3770514,4063060,292546,1.077587815,8650003,9045434,395431,1.045714571
,2,2024-02-23,Fri,,,,,,,,,,,,
1,2,2024-02-24,Sat,72800,209473,-136673,0.347538819,3979987,4135860,155873,1.039164184,8859476,9118234,258758,1.029206939
,2,2024-02-25,Sun,,,,,,,,,,,,
1,2,2024-02-26,Mon,252950,209473,43477,1.207554179,4189460,4388810,199350,1.047583683,9068949,9371184,302235,1.033326372
1,2,2024-02-27,Tue,209900,209473,427,1.002038435,4398933,4598710,199777,1.045414862,9278422,9581084,302662,1.032620005
1,2,2024-02-28,Wed,234470,209473,24997,1.119332786,4608406,4833180,224774,1.048774768,9487895,9815554,327659,1.034534443
1,2,2024-02-29,Thu,168650,209473,-40823,0.805115684,4817879,5001830,183951,1.038180894,9697368,9984204,286836,1.029578764
1,3,2024-03-01,Fri,305050,246439,58611,1.237832543,246439,305050,58611,1.237832543,9943807,10289254,345447,1.034739948
1,3,2024-03-02,Sat,148490,246439,-97949,0.60254304,492878,453540,-39338,0.920187792,10190245,10437744,247499,1.024287786
,3,2024-03-03,Sun,,,,,,,,,,,,
1,3,2024-03-04,Mon,166560,246439,-79879,0.675867525,739316,620100,-119216,0.838747703,10436684,10604304,167620,1.016060625
1,3,2024-03-05,Tue,292350,246439,45911,1.186298456,985755,912450,-73305,0.925635391,10683123,10896654,213531,1.01998768
1,3,2024-03-06,Wed,145450,246439,-100989,0.590207322,1232194,1057900,-174294,0.858549777,10929562,11042104,112542,1.01029703
1,3,2024-03-07,Thu,317890,246439,71451,1.289934723,1478633,1375790,-102843,0.930447268,11176001,11359994,183993,1.016463241
1,3,2024-03-08,Fri,266360,246439,19921,1.080836179,1725072,1642150,-82922,0.951931398,11422440,11626354,203914,1.017852086
1,3,2024-03-09,Sat,118114,246439,-128325,0.479283242,1971511,1760264,-211247,0.892850379,11668878,11744468,75590,1.006477876
,3,2024-03-10,Sun,,,,,,,,,,,,
1,3,2024-03-11,Mon,315600,246439,69161,1.280642356,2217949,2075864,-142085,0.935938376,11915317,12060068,144751,1.012148289
1,3,2024-03-12,Tue,320300,246439,73861,1.299714026,2464388,2396164,-68224,0.972315941,12161756,12380368,218612,1.017975355
1,3,2024-03-13,Wed,318550,246439,72111,1.292612872,2710827,2714714,3887,1.001433844,12408195,12698918,290723,1.023429924
1,3,2024-03-14,Thu,219880,246439,-26559,0.892229535,2957266,2934594,-22672,0.992333485,12654634,12918798,264164,1.020874902
1,3,2024-03-15,Fri,350170,246439,103731,1.420920576,3203705,3284764,81059,1.025301723,12901073,13268968,367895,1.028516653
1,3,2024-03-16,Sat,156750,246439,-89689,0.636060486,3450144,3441514,-8630,0.997498777,13147511,13425718,278207,1.021160398
,3,2024-03-17,Sun,,,,,,,,,,,,
1,3,2024-03-18,Mon,201050,246439,-45389,0.815821121,3696582,3642564,-54018,0.985386933,13393950,13626768,232818,1.017382307
1,3,2024-03-19,Tue,220700,246439,-25739,0.895556933,3943021,3863264,-79757,0.979772558,13640389,13847468,207079,1.015181306
,3,2024-03-20,Wed,,,,,,,,,,,,
1,3,2024-03-21,Thu,369500,246439,123061,1.499357891,4189460,4232764,43304,1.010336401,13886828,14216968,330140,1.023773615
1,3,2024-03-22,Fri,333000,246439,86561,1.351248113,4435899,4565764,129865,1.029275941,14133267,14549968,416701,1.02948372
1,3,2024-03-23,Sat,118964,246439,-127475,0.482732374,4682338,4684728,2390,1.00051049,14379706,14668932,289226,1.020113517
,3,2024-03-24,Sun,,,,,,,,,,,,
1,3,2024-03-25,Mon,232640,246439,-13799,0.94400709,4928777,4917368,-11409,0.99768532,14626144,14901572,275428,1.018831184
1,3,2024-03-26,Tue,222520,246439,-23919,0.902942133,5175215,5139888,-35327,0.99317374,14872583,15124092,251509,1.016910902
1,3,2024-03-27,Wed,417850,246439,171411,1.695552625,5421654,5557738,136084,1.025100053,15119022,15541942,422920,1.027972706
1,3,2024-03-28,Thu,327160,246439,80721,1.327550549,5668093,5884898,216805,1.038250074,15365461,15869102,503641,1.032777483
1,3,2024-03-29,Fri,358550,246439,112111,1.454924958,5914532,6243448,328916,1.055611528,15611900,16227652,615752,1.039441216
1,3,2024-03-30,Sat,217160,246439,-29279,0.881192313,6160971,6460608,299637,1.048634759,15858339,16444812,586473,1.036982026
,3,2024-03-31,Sun,,,,,,,,,,,,
1,4,2024-04-01,Mon,184600,258761,-74161,0.713400262,258761,184600,-74161,0.713400262,16117099,16629412,512313,1.031786906
1,4,2024-04-02,Tue,271210,258761,12449,1.04811097,517522,455810,-61712,0.880755616,16375860,16900622,524762,1.032044848
1,4,2024-04-03,Wed,330210,258761,71449,1.276120805,776282,786020,9738,1.012544013,16634621,17230832,596211,1.035841585
1,4,2024-04-04,Thu,147190,258761,-111571,0.568826569,1035043,933210,-101833,0.901614652,16893382,17378022,484640,1.028688182
1,4,2024-04-05,Fri,353460,258761,94699,1.365972138,1293804,1286670,-7134,0.994486149,17152142,17731482,579340,1.033776518
1,4,2024-04-06,Sat,123460,258761,-135301,0.47712024,1552565,1410130,-142435,0.908258498,17410903,17854942,444039,1.025503495
,4,2024-04-07,Sun,,,,,,,,,,,,
1,4,2024-04-08,Mon,153400,258761,-105361,0.59282557,1811325,1563530,-247795,0.863196651,17669664,18008342,338678,1.019167207
1,4,2024-04-09,Tue,259200,258761,439,1.001697443,2070086,1822730,-247356,0.88050925,17928425,18267542,339117,1.018915066
1,4,2024-04-10,Wed,174250,258761,-84511,0.673401927,2328847,1996980,-331867,0.857497325,18187185,18441792,254607,1.013999229
1,4,2024-04-11,Thu,315370,258761,56609,1.218770535,2587608,2312350,-275258,0.893624646,18445946,18757162,311216,1.016871772
1,4,2024-04-12,Fri,355090,258761,96329,1.372271393,2846368,2667440,-178928,0.937137987,18704707,19112252,407545,1.021788368
1,4,2024-04-13,Sat,161750,258761,-97011,0.625094759,3105129,2829190,-275939,0.911134384,18963468,19274002,310534,1.016375394
,4,2024-04-14,Sun,,,,,,,,,,,,
1,4,2024-04-15,Mon,319850,258761,61089,1.236083824,3363890,3149040,-214850,0.936130495,19222229,19593852,371623,1.019333008
1,4,2024-04-16,Tue,340650,258761,81889,1.316466952,3622651,3489690,-132961,0.963297385,19480989,19934502,453513,1.023279759
1,4,2024-04-17,Wed,363500,258761,104739,1.404772456,3881412,3853190,-28222,0.992729056,19739750,20298002,558252,1.028280599
1,4,2024-04-18,Thu,258110,258761,-651,0.997485058,4140172,4111300,-28872,0.993026306,19998511,20556112,557601,1.027882136
1,4,2024-04-19,Fri,254550,258761,-4211,0.983727176,4398933,4365850,-33083,0.992479299,20257272,20810662,553390,1.027318112
1,4,2024-04-20,Sat,425590,258761,166829,1.644723822,4657694,4791440,133746,1.028715106,20516032,21236252,720220,1.035105211
,4,2024-04-21,Sun,,,,,,,,,,,,
1,4,2024-04-22,Mon,255610,258761,-3151,0.987823624,4916455,5047050,130595,1.026562922,20774793,21491862,717069,1.034516295
1,4,2024-04-23,Tue,215740,258761,-43021,0.83374308,5175215,5262790,87575,1.01692193,21033554,21707602,674048,1.032046326
1,4,2024-04-24,Wed,302880,258761,44119,1.170502012,5433976,5565670,131694,1.024235267,21292315,22010482,718167,1.033728947
1,4,2024-04-25,Thu,391500,258761,132739,1.512980513,5692737,5957170,264433,1.04645096,21551075,22401982,850907,1.039483254
1,4,2024-04-26,Fri,361420,258761,102659,1.396734143,5951498,6318590,367092,1.061680664,21809836,22763402,953566,1.043721824
1,4,2024-04-27,Sat,95830,258761,-162931,0.370342075,6210258,6414420,204162,1.032874889,22068597,22859232,790635,1.035826249
,4,2024-04-28,Sun,,,,,,,,,,,,
,4,2024-04-29,Mon,,,,,,,,,,,,
1,4,2024-04-30,Tue,262237,258761,3476,1.013434153,6469019,6676657,207638,1.03209726,22327358,23121469,794111,1.035566738
1,5,2024-05-01,Wed,178855,246439,-67584,0.725758202,246439,178855,-67584,0.725758202,22573797,23300324,726527,1.032184548
1,5,2024-05-02,Thu,164700,246439,-81739,0.668320013,492878,343555,-149323,0.697039107,22820235,23465024,644789,1.028255126
,5,2024-05-03,Fri,,,,,,,,,,,,
,5,2024-05-04,Sat,,,,,,,,,,,,
,5,2024-05-05,Sun,,,,,,,,,,,,
,5,2024-05-06,Mon,,,,,,,,,,,,
1,5,2024-05-07,Tue,228780,246439,-17659,0.928343974,739316,572335,-166981,0.77414073,23066674,23693804,627130,1.027187699
1,5,2024-05-08,Wed,362200,246439,115761,1.469735936,985755,934535,-51220,0.948039531,23313113,24056004,742891,1.031865799
1,5,2024-05-09,Thu,231000,246439,-15439,0.937352295,1232194,1165535,-66659,0.945902084,23559552,24287004,727452,1.030877164
1,5,2024-05-10,Fri,428650,246439,182211,1.739376888,1478633,1594185,115552,1.078147885,23805991,24715654,909663,1.038211529
1,5,2024-05-11,Sat,123410,246439,-123029,0.500773362,1725072,1717595,-7477,0.99566581,24052430,24839064,786634,1.032704991
,5,2024-05-12,Sun,,,,,,,,,,,,
1,5,2024-05-13,Mon,245550,246439,-889,0.996393316,1971511,1963145,-8366,0.995756748,24298868,25084614,785746,1.032336718
1,5,2024-05-14,Tue,224120,246439,-22319,0.909434616,2217949,2187265,-30684,0.9861654,24545307,25308734,763427,1.031102761
1,5,2024-05-15,Wed,251740,246439,5301,1.021511111,2464388,2439005,-25383,0.989699971,24791746,25560474,768728,1.031007417
1,5,2024-05-16,Thu,239950,246439,-6489,0.973669624,2710827,2678955,-31872,0.988242667,25038185,25800424,762239,1.030443069
1,5,2024-05-17,Fri,301500,246439,55061,1.223427346,2957266,2980455,23189,1.00784139,25284624,26101924,817300,1.032324007
1,5,2024-05-18,Sat,100250,246439,-146189,0.406794665,3203705,3080705,-123000,0.961607027,25531062,26202174,671112,1.026286079
,5,2024-05-19,Sun,,,,,,,,,,,,
1,5,2024-05-20,Mon,199520,246439,-46919,0.809612683,3450144,3280225,-169919,0.950750288,25777501,26401694,624193,1.024214632
1,5,2024-05-21,Tue,246350,246439,-89,0.999639558,3696582,3526575,-170007,0.954009573,26023940,26648044,624104,1.023981913
1,5,2024-05-22,Wed,500550,246439,254111,2.031132862,3943021,4027125,84104,1.021329778,26270379,27148594,878215,1.033429858
1,5,2024-05-23,Thu,137000,246439,-109439,0.555918893,4189460,4164125,-25335,0.993952667,26516818,27285594,768776,1.028992024
1,5,2024-05-24,Fri,368700,246439,122261,1.49611165,4435899,4532825,96926,1.021850389,26763257,27654294,891037,1.03329331
1,5,2024-05-25,Sat,191500,246439,-54939,0.77706911,4682338,4724325,41987,1.008967163,27009695,27845794,836099,1.030955498
,5,2024-05-26,Sun,,,,,,,,,,,,
1,5,2024-05-27,Mon,270760,246439,24321,1.098690508,4928777,4995085,66308,1.013453331,27256134,28116554,860420,1.03156793
1,5,2024-05-28,Tue,228795,246439,-17644,0.928404841,5175215,5223880,48665,1.009403403,27502573,28345349,842776,1.030643529
1,5,2024-05-29,Wed,310490,246439,64051,1.259906987,5421654,5534370,112716,1.020789929,27749012,28655839,906827,1.032679617
1,5,2024-05-30,Thu,329440,246439,83001,1.336802338,5668093,5863810,195717,1.034529599,27995451,28985279,989828,1.035356754
1,5,2024-05-31,Fri,301200,246439,54761,1.222210005,5914532,6165010,250478,1.042349616,28241890,29286479,1044589,1.036987236
1,6,2024-06-01,Sat,118060,221795,-103735,0.532293468,221795,118060,-103735,0.532293468,28463685,29404539,940854,1.033054557
,6,2024-06-02,Sun,,,,,,,,,,,,
1,6,2024-06-03,Mon,211700,221795,-10095,0.954485237,443590,329760,-113830,0.743389352,28685479,29616239,930760,1.032447062
1,6,2024-06-04,Tue,219100,221795,-2695,0.987849388,665385,548860,-116525,0.824876031,28907274,29835339,928065,1.032104881
1,6,2024-06-05,Wed,230880,221795,9085,1.040961509,887180,779740,-107440,0.878897401,29129069,30066219,937150,1.032172317
1,6,2024-06-06,Thu,291780,221795,69985,1.315539454,1108975,1071520,-37455,0.966225811,29350864,30357999,1007135,1.03431363
1,6,2024-06-07,Fri,328700,221795,106905,1.481999516,1330770,1400220,69450,1.052188095,29572659,30686699,1114040,1.037671274
1,6,2024-06-08,Sat,102350,221795,-119445,0.461462277,1552565,1502570,-49995,0.967798693,29794454,30789049,994595,1.033381877
,6,2024-06-09,Sun,,,,,,,,,,,,
1,6,2024-06-10,Mon,100700,221795,-121095,0.454022973,1774360,1603270,-171090,0.903576728,30016249,30889749,873500,1.0291009
1,6,2024-06-11,Tue,164750,221795,-57045,0.742803225,1996154,1768020,-228134,0.885713005,30238044,31054499,816455,1.027000917
1,6,2024-06-12,Wed,363500,221795,141705,1.638901198,2217949,2131520,-86429,0.961031825,30459839,31417999,958160,1.031456502
1,6,2024-06-13,Thu,336300,221795,114505,1.5162654,2439744,2467820,28076,1.011507604,30681634,31754299,1072665,1.034961145
1,6,2024-06-14,Fri,362500,221795,140705,1.634392529,2661539,2830320,168781,1.063414681,30903429,32116799,1213370,1.039263284
1,6,2024-06-15,Sat,161770,221795,-60025,0.729367392,2883334,2992090,108756,1.037718736,31125224,32278569,1153345,1.037054999
,6,2024-06-16,Sun,,,,,,,,,,,,
1,6,2024-06-17,Mon,208260,221795,-13535,0.938975416,3105129,3200350,95221,1.030665642,31347019,32486829,1139810,1.03636104
1,6,2024-06-18,Tue,332500,221795,110705,1.499132458,3326924,3532850,205926,1.061896763,31568814,32819329,1250515,1.039612362
1,6,2024-06-19,Wed,255900,221795,34105,1.153768409,3548719,3788750,240031,1.067638741,31790609,33075229,1284620,1.040408799
1,6,2024-06-20,Thu,273000,221795,51205,1.23086665,3770514,4061750,291236,1.077240382,32012404,33348229,1335825,1.041728368
1,6,2024-06-21,Fri,374650,221795,152855,1.689172858,3992309,4436400,444091,1.111236631,32234199,33722879,1488680,1.046183262
1,6,2024-06-22,Sat,153300,221795,-68495,0.691178965,4214104,4589700,375596,1.089128333,32455994,33876179,1420185,1.043757264
,6,2024-06-23,Sun,,,,,,,,,,,,
1,6,2024-06-24,Mon,248360,221795,26565,1.119773044,4435899,4838060,402161,1.090660568,32677788,34124539,1446751,1.044273208
1,6,2024-06-25,Tue,102500,221795,-119295,0.462138577,4657694,4940560,282866,1.06073095,32899583,34227039,1327456,1.040348705
1,6,2024-06-26,Wed,383350,221795,161555,1.728398279,4879489,5323910,444421,1.091079465,33121378,34610389,1489011,1.04495618
1,6,2024-06-27,Thu,216800,221795,-4995,0.977479449,5101284,5540710,439426,1.086140334,33343173,34827189,1484016,1.044507333
1,6,2024-06-28,Fri,225140,221795,3345,1.015081749,5323079,5765850,442771,1.083179559,33564968,35052329,1487361,1.044312891
1,6,2024-06-29,Sat,142100,221795,-79695,0.640681872,5544874,5907950,363076,1.065479652,33786763,35194429,1407666,1.041663234
,6,2024-06-30,Sun,,,,,,,,,,,,
1,7,2024-07-01,Mon,225950,234117,-8167,0.965116204,234117,225950,-8167,0.965116204,34020880,35420379,1399499,1.041136471
1,7,2024-07-02,Tue,195520,234117,-38597,0.835138395,468234,421470,-46764,0.900127299,34254997,35615899,1360902,1.03972857
1,7,2024-07-03,Wed,220150,234117,-13967,0.940342254,702351,641620,-60731,0.913532284,34489114,35836049,1346935,1.039053922
1,7,2024-07-04,Thu,265500,234117,31383,1.134048914,936468,907120,-29348,0.968661442,34723231,36101549,1378318,1.039694413
1,7,2024-07-05,Fri,425150,234117,191033,1.815973243,1170584,1332270,161686,1.138123802,34957348,36526699,1569351,1.04489332
1,7,2024-07-06,Sat,219710,234117,-14407,0.938462851,1404701,1551980,147279,1.104846977,35191464,36746409,1554945,1.044185274
,7,2024-07-07,Sun,,,,,,,,,,,,
1,7,2024-07-08,Mon,267650,234117,33533,1.143232361,1638818,1819630,180812,1.110330603,35425581,37014059,1588478,1.044839846
1,7,2024-07-09,Tue,185750,234117,-48367,0.793407103,1872935,2005380,132445,1.070715166,35659698,37199809,1540111,1.043189113
1,7,2024-07-10,Wed,198000,234117,-36117,0.845731394,2107052,2203380,96328,1.045716969,35893815,37397809,1503994,1.041901198
1,7,2024-07-11,Thu,436600,234117,202483,1.864880437,2341169,2639980,298811,1.127633316,36127932,37834409,1706477,1.047234283
1,7,2024-07-12,Fri,436350,234117,202233,1.863812594,2575286,3076330,501044,1.194558705,36362049,38270759,1908710,1.052491819
1,7,2024-07-13,Sat,157580,234117,-76537,0.673082591,2809403,3233910,424507,1.151102362,36596166,38428339,1832173,1.050064622
,7,2024-07-14,Sun,,,,,,,,,,,,
,7,2024-07-15,Mon,,,,,,,,,,,,
1,7,2024-07-16,Tue,185350,234117,-48767,0.791698555,3043520,3419260,375740,1.123455915,36830283,38613689,1783406,1.048422281
1,7,2024-07-17,Wed,309450,234117,75333,1.321775656,3277636,3728710,451074,1.137621611,37064400,38923139,1858739,1.050148915
1,7,2024-07-18,Thu,327800,234117,93683,1.400155307,3511753,4056510,544757,1.155123857,37298516,39250939,1952423,1.05234585
1,7,2024-07-19,Fri,262250,234117,28133,1.12016696,3745870,4318760,572890,1.152939051,37532633,39513189,1980556,1.052768897
1,7,2024-07-20,Sat,106930,234117,-127187,0.456737666,3979987,4425690,445703,1.111986029,37766750,39620119,1853369,1.049074086
,7,2024-07-21,Sun,,,,,,,,,,,,
1,7,2024-07-22,Mon,152170,234117,-81947,0.649974476,4214104,4577860,363756,1.08631872,38000867,39772289,1771422,1.046615302
1,7,2024-07-23,Tue,178230,234117,-55887,0.761286396,4448221,4756090,307869,1.069211756,38234984,39950519,1715535,1.044868202
1,7,2024-07-24,Wed,216010,234117,-18107,0.92265878,4682338,4972100,289762,1.061884107,38469101,40166529,1697428,1.044124455
1,7,2024-07-25,Thu,179230,234117,-54887,0.765557766,4916455,5151330,234875,1.047773329,38703218,40345759,1642541,1.042439397
1,7,2024-07-26,Fri,327300,234117,93183,1.398019622,5150571,5478630,328059,1.063693615,38937335,40673059,1735724,1.044577379
1,7,2024-07-27,Sat,110165,234117,-123952,0.47055555,5384688,5588795,204107,1.037905003,39171452,40783224,1611772,1.04114661
,7,2024-07-28,Sun,,,,,,,,,,,,
1,7,2024-07-29,Mon,342250,234117,108133,1.461876614,5618805,5931045,312240,1.055570487,39405568,41125474,1719906,1.043646257
1,7,2024-07-30,Tue,185890,234117,-48227,0.794005095,5852922,6116935,264013,1.045107871,39639685,41311364,1671679,1.042171845
1,7,2024-07-31,Wed,405250,234117,171133,1.730972966,6087039,6522185,435146,1.071487298,39873802,41716614,1842812,1.046216104
1,8,2024-08-01,Thu,147760,197151,-49391,0.749476056,197151,147760,-49391,0.749476056,40070953,41864374,1793421,1.044756128
1,8,2024-08-02,Fri,311600,197151,114449,1.580513934,394302,459360,65058,1.164994995,40268104,42175974,1907870,1.047379178
1,8,2024-08-03,Sat,160520,197151,-36631,0.814198,591453,619880,28427,1.048062663,40465255,42336494,1871239,1.046243094
,8,2024-08-04,Sun,,,,,,,,,,,,
1,8,2024-08-05,Mon,279000,197151,81849,1.415158497,788604,898880,110276,1.139836622,40662406,42615494,1953088,1.048031775
1,8,2024-08-06,Tue,121150,197151,-76001,0.614503412,985755,1020030,34275,1.03476998,40859558,42736644,1877086,1.045939961
1,8,2024-08-07,Wed,232885,197151,35734,1.181251565,1182906,1252915,70009,1.059183577,41056709,42969529,1912820,1.046589717
1,8,2024-08-08,Thu,143660,197151,-53491,0.72867982,1380057,1396575,16518,1.011968755,41253860,43113189,1859329,1.045070434
1,8,2024-08-09,Fri,278720,197151,81569,1.413738266,1577208,1675295,98087,1.062189944,41451011,43391909,1940898,1.046823908
1,8,2024-08-10,Sat,150510,197151,-46641,0.76342475,1774360,1825805,51445,1.028993811,41648162,43542419,1894257,1.045482373
,8,2024-08-11,Sun,,,,,,,,,,,,
,8,2024-08-12,Mon,,,,,,,,,,,,
,8,2024-08-13,Tue,,,,,,,,,,,,
,8,2024-08-14,Wed,,,,,,,,,,,,
,8,2024-08-15,Thu,,,,,,,,,,,,
,8,2024-08-16,Fri,,,,,,,,,,,,
1,8,2024-08-17,Sat,67850,197151,-129301,0.344152344,1971511,1893655,-77856,0.960509664,41845313,43610269,1764956,1.042178109
,8,2024-08-18,Sun,,,,,,,,,,,,
1,8,2024-08-19,Mon,148100,197151,-49051,0.751200622,2168662,2041755,-126907,0.94148157,42042464,43758369,1715905,1.040813619
1,8,2024-08-20,Tue,192250,197151,-4901,0.975140577,2365813,2234005,-131808,0.944286487,42239615,43950619,1711004,1.040507094
1,8,2024-08-21,Wed,341650,197151,144499,1.732935127,2562964,2575655,12691,1.004951767,42436766,44292269,1855503,1.043723949
1,8,2024-08-22,Thu,211250,197151,14099,1.071513378,2760115,2786905,26790,1.009706168,42633917,44503519,1869602,1.043852455
1,8,2024-08-23,Fri,346500,197151,149349,1.757535553,2957266,3133405,176139,1.05956146,42831068,44850019,2018951,1.047137533
1,8,2024-08-24,Sat,163470,197151,-33681,0.829161145,3154417,3296875,142458,1.04516144,43028219,45013489,1985270,1.046138786
,8,2024-08-25,Sun,,,,,,,,,,,,
1,8,2024-08-26,Mon,134000,197151,-63151,0.679681859,3351568,3430875,79307,1.023662641,43225370,45147489,1922119,1.044467375
1,8,2024-08-27,Tue,157150,197151,-40001,0.797104508,3548719,3588025,39306,1.011076078,43422521,45304639,1882118,1.043344275
1,8,2024-08-28,Wed,307544,197151,110393,1.559940877,3745870,3895569,149699,1.039963699,43619672,45612183,1992511,1.045679174
1,8,2024-08-29,Thu,319443,197151,122292,1.620295612,3943021,4215012,271991,1.068980295,43816823,45931626,2114803,1.048264625
1,8,2024-08-30,Fri,213300,197151,16149,1.081911496,4140172,4428312,288140,1.069596067,44013975,46144926,2130951,1.048415339
1,8,2024-08-31,Sat,83690,197151,-113461,0.424496827,4337323,4512002,174679,1.040273374,44211126,46228616,2017490,1.045633094
,9,2024-09-01,Sun,,,,,,,,,,,,
1,9,2024-09-02,Mon,279660,234117,45543,1.194531523,234117,279660,45543,1.194531523,44445242,46508276,2063034,1.046417422
1,9,2024-09-03,Tue,286930,234117,52813,1.225584388,468234,566590,98356,1.210057956,44679359,46795206,2115847,1.047356245
1,9,2024-09-04,Wed,158690,234117,-75427,0.677823813,702351,725280,22929,1.032646575,44913476,46953896,2040420,1.045430012
1,9,2024-09-05,Thu,258350,234117,24233,1.103508614,936468,983630,47162,1.050362084,45147593,47212246,2064653,1.045731184
1,9,2024-09-06,Fri,317100,234117,82983,1.354451641,1170584,1300730,130146,1.111179996,45381710,47529346,2147636,1.047323823
1,9,2024-09-07,Sat,168990,234117,-65127,0.72181893,1404701,1469720,65019,1.046286485,45615827,47698336,2082509,1.045653214
,9,2024-09-08,Sun,,,,,,,,,,,,
1,9,2024-09-09,Mon,232040,234117,-2077,0.991128852,1638818,1701760,62942,1.038406823,45849944,47930376,2080432,1.045374805
1,9,2024-09-10,Tue,326150,234117,92033,1.393107546,1872935,2027910,154975,1.082744413,46084061,48256526,2172465,1.047141361
1,9,2024-09-11,Wed,155250,234117,-78867,0.663130297,2107052,2183160,76108,1.036120623,46318178,48411776,2093598,1.045200364
1,9,2024-09-12,Thu,242920,234117,8803,1.037601365,2341169,2426080,84911,1.036268697,46552294,48654696,2102402,1.045162147
1,9,2024-09-13,Fri,303730,234117,69613,1.297343415,2575286,2729810,154524,1.060002762,46786411,48958426,2172015,1.04642405
1,9,2024-09-14,Sat,113250,234117,-120867,0.483732729,2809403,2843060,33657,1.011980259,47020528,49071676,2051148,1.04362239
,9,2024-09-15,Sun,,,,,,,,,,,,
,9,2024-09-16,Mon,,,,,,,,,,,,
1,9,2024-09-17,Tue,156480,234117,-77637,0.668384083,3043520,2999540,-43980,0.985549784,47254645,49228156,1973511,1.041763321
1,9,2024-09-18,Wed,167950,234117,-66167,0.717376705,3277636,3167490,-110146,0.966394564,47488762,49396106,1907344,1.040164114
1,9,2024-09-19,Thu,221950,234117,-12167,0.948030721,3511753,3389440,-122313,0.965170308,47722879,49618056,1895177,1.03971213
1,9,2024-09-20,Fri,364650,234117,130533,1.557555317,3745870,3754090,8220,1.002194371,47956996,49982706,2025710,1.042240141
1,9,2024-09-21,Sat,135400,234117,-98717,0.578343589,3979987,3889490,-90497,0.977261972,48191113,50118106,1926993,1.039986489
,9,2024-09-22,Sun,,,,,,,,,,,,
,9,2024-09-23,Mon,,,,,,,,,,,,
1,9,2024-09-24,Tue,403600,234117,169483,1.723925205,4214104,4293090,78986,1.018743263,48425230,50521706,2096476,1.043293063
1,9,2024-09-25,Wed,309400,234117,75283,1.321562087,4448221,4602490,154269,1.034681096,48659346,50831106,2171760,1.044631911
1,9,2024-09-26,Thu,168650,234117,-65467,0.720366664,4682338,4771140,88802,1.018965374,48893463,50999756,2106293,1.043079229
1,9,2024-09-27,Fri,339485,234117,105368,1.450066274,4916455,5110625,194170,1.039493989,49127580,51339241,2211661,1.045018721
1,9,2024-09-28,Sat,116650,234117,-117467,0.498255389,5150571,5227275,76704,1.014892234,49361697,51455891,2094194,1.042425485
,9,2024-09-29,Sun,,,,,,,,,,,,
1,9,2024-09-30,Mon,197800,234117,-36317,0.84487712,5384688,5425075,40387,1.007500273,49595814,51653691,2057877,1.041492959
1,10,2024-10-01,Tue,265250,308049,-42799,0.861065615,308049,265250,-42799,0.861065615,49903862,51918941,2015079,1.04037921
1,10,2024-10-02,Wed,241150,308049,-66899,0.782831189,616097,506400,-109697,0.821948402,50211911,52160091,1948180,1.038799161
1,10,2024-10-03,Thu,229100,308049,-78949,0.743713977,924146,735500,-188646,0.79587026,50519960,52389191,1869231,1.036999861
1,10,2024-10-04,Fri,293550,308049,-14499,0.952934255,1232194,1029050,-203144,0.835136259,50828008,52682741,1854733,1.036490372
1,10,2024-10-05,Sat,76900,308049,-231149,0.249635988,1540243,1105950,-434293,0.718036205,51136057,52759641,1623584,1.031750286
,10,2024-10-06,Sun,,,,,,,,,,,,
1,10,2024-10-07,Mon,292800,308049,-15249,0.950499574,1848291,1398750,-449541,0.756780099,51444105,53052441,1608336,1.031263754
1,10,2024-10-08,Tue,172250,308049,-135799,0.559165135,2156340,1571000,-585340,0.72854939,51752154,53224691,1472537,1.028453644
1,10,2024-10-09,Wed,160180,308049,-147869,0.519982998,2464388,1731180,-733208,0.702478591,52060202,53384871,1324669,1.025444941
1,10,2024-10-10,Thu,316700,308049,8651,1.028084751,2772437,2047880,-724557,0.738657053,52368251,53701571,1333320,1.02546047
1,10,2024-10-11,Fri,205250,308049,-102799,0.666291112,3080485,2253130,-827355,0.731420459,52676299,53906821,1230522,1.023360064
1,10,2024-10-12,Sat,174460,308049,-133589,0.566339329,3388534,2427590,-960944,0.716413084,52984348,54081281,1096933,1.020702967
,10,2024-10-13,Sun,,,,,,,,,,,,
,10,2024-10-14,Mon,,,,,,,,,,,,
1,10,2024-10-15,Tue,214800,308049,-93249,0.69729272,3696582,2642390,-1054192,0.71481972,53292396,54296081,1003685,1.018833543
1,10,2024-10-16,Wed,166400,308049,-141649,0.540174621,4004631,2808790,-1195841,0.701385482,53600445,54462481,862036,1.01608263
1,10,2024-10-17,Thu,95000,308049,-213049,0.308392963,4312679,2903790,-1408889,0.673314588,53908493,54557481,648988,1.012038689
1,10,2024-10-18,Fri,148400,308049,-159649,0.48174227,4620728,3052190,-1568538,0.6605431,54216542,54705881,489339,1.009025641
1,10,2024-10-19,Sat,105860,308049,-202189,0.343647148,4928777,3158050,-1770727,0.640737103,54524590,54811741,287151,1.005266441
,10,2024-10-20,Sun,,,,,,,,,,,,
1,10,2024-10-21,Mon,234050,308049,-73999,0.759782873,5236825,3392100,-1844725,0.647739795,54832639,55045791,213152,1.00388732
1,10,2024-10-22,Tue,173600,308049,-134449,0.563547561,5544874,3565700,-1979174,0.643062449,55140688,55219391,78703,1.001427321
1,10,2024-10-23,Wed,330800,308049,22751,1.073856759,5852922,3896500,-1956422,0.665735834,55448736,55550191,101455,1.001829707
1,10,2024-10-24,Thu,279200,308049,-28849,0.906350686,6160971,4175700,-1985271,0.677766576,55756785,55829391,72606,1.001302198
1,10,2024-10-25,Fri,356530,308049,48481,1.157382558,6469019,4532230,-1936789,0.700605432,56064833,56185921,121088,1.002159783
1,10,2024-10-26,Sat,187950,308049,-120099,0.61013113,6777068,4720180,-2056888,0.696492964,56372882,56373871,989,1.00001755
,10,2024-10-27,Sun,,,,,,,,,,,,
1,10,2024-10-28,Mon,177200,308049,-130849,0.575234032,7085116,4897380,-2187736,0.691220837,56680930,56551071,-129859,0.997708944
1,10,2024-10-29,Tue,163850,308049,-144199,0.531896705,7393165,5061230,-2331935,0.684582331,56988979,56714921,-274058,0.99519104
1,10,2024-10-30,Wed,169200,308049,-138849,0.549264098,7701213,5230430,-2470783,0.679169602,57297027,56884121,-412906,0.992793583
1,10,2024-10-31,Thu,325100,308049,17051,1.055353181,8009262,5555530,-2453732,0.693638201,57605076,57209221,-395855,0.993128126
1,11,2024-11-01,Fri,288850,258761,30089,1.116282046,258761,288850,30089,1.116282046,57863837,57498071,-365766,0.993678857
1,11,2024-11-02,Sat,202450,258761,-56311,0.782382899,517522,491300,-26222,0.949332473,58122597,57700521,-422076,0.992738171
,11,2024-11-03,Sun,,,,,,,,,,,,
,11,2024-11-04,Mon,,,,,,,,,,,,
1,11,2024-11-05,Tue,212150,258761,-46611,0.819869261,776282,703450,-72832,0.906178069,58381358,57912671,-468687,0.991971973
1,11,2024-11-06,Wed,268780,258761,10019,1.038720057,1035043,972230,-62813,0.939313566,58640119,58181451,-458668,0.992178258
1,11,2024-11-07,Thu,280080,258761,21319,1.082389737,1293804,1252310,-41494,0.9679288,58898880,58461531,-437349,0.992574585
1,11,2024-11-08,Fri,393950,258761,135189,1.522448718,1552565,1646260,93695,1.060348786,59157640,58855481,-302159,0.994892301
1,11,2024-11-09,Sat,320900,258761,62139,1.240141626,1811325,1967160,155835,1.086033478,59416401,59176381,-240020,0.995960372
,11,2024-11-10,Sun,,,,,,,,,,,,
1,11,2024-11-11,Mon,171150,258761,-87611,0.661421749,2070086,2138310,68224,1.032957012,59675162,59347531,-327631,0.99450976
1,11,2024-11-12,Tue,259350,258761,589,1.002277129,2328847,2397660,68813,1.029548136,59933923,59606881,-327042,0.994543295
1,11,2024-11-13,Wed,216530,258761,-42231,0.836796093,2587608,2614190,26582,1.010272932,60192683,59823411,-369272,0.99386516
1,11,2024-11-14,Thu,187300,258761,-71461,0.723834611,2846368,2801490,-44878,0.984233084,60451444,60010711,-440733,0.992709301
1,11,2024-11-15,Fri,385100,258761,126339,1.488247243,3105129,3186590,81461,1.026234264,60710205,60395811,-314394,0.994821397
1,11,2024-11-16,Sat,205350,258761,-53411,0.793590162,3363890,3391940,28050,1.008338564,60968966,60601161,-367805,0.993967344
,11,2024-11-17,Sun,,,,,,,,,,,,
1,11,2024-11-18,Mon,193400,258761,-65361,0.747408509,3622651,3585340,-37311,0.989700703,61227727,60794561,-433166,0.992925336
1,11,2024-11-19,Tue,211410,258761,-47351,0.817009477,3881412,3796750,-84662,0.978187954,61486487,61005971,-480516,0.992185009
1,11,2024-11-20,Wed,240450,258761,-18311,0.92923669,4140172,4037200,-102972,0.9751285,61745248,61246421,-498827,0.991921207
1,11,2024-11-21,Thu,354680,258761,95919,1.370686918,4398933,4391880,-7053,0.998396643,62004009,61601101,-402908,0.993501906
1,11,2024-11-22,Fri,197200,258761,-61561,0.762093888,4657694,4589080,-68614,0.985268712,62262770,61798301,-464469,0.992540187
,11,2024-11-23,Sat,,,,,,,,,,,,
,11,2024-11-24,Sun,,,,,,,,,,,,
1,11,2024-11-25,Mon,164400,258761,-94361,0.635335878,4916455,4753480,-162975,0.966851194,62521530,61962701,-558829,0.991061809
1,11,2024-11-26,Tue,243350,258761,-15411,0.940443954,5175215,4996830,-178385,0.965530832,62780291,62206051,-574240,0.990853178
1,11,2024-11-27,Wed,342250,258761,83489,1.32265027,5433976,5339080,-94896,0.98253652,63039052,62548301,-490751,0.992215128
1,11,2024-11-28,Thu,218350,258761,-40411,0.843829617,5692737,5557430,-135307,0.97623166,63297813,62766651,-531162,0.99160853
1,11,2024-11-29,Fri,400430,258761,141669,1.547491154,5951498,5957860,6362,1.00106903,63556573,63167081,-389492,0.99387172
1,11,2024-11-30,Sat,154290,258761,-104471,0.59626504,6210258,6112150,-98108,0.984202197,63815334,63321371,-493963,0.99225949
,12,2024-12-01,Sun,,,,,,,,,,,,
1,12,2024-12-02,Mon,262200,320370,-58170,0.818427478,320370,262200,-58170,0.818427478,64135705,63583571,-552134,0.991391165
1,12,2024-12-03,Tue,227050,320370,-93320,0.708710751,640741,489250,-151491,0.763569115,64456075,63810621,-645454,0.989986139
1,12,2024-12-04,Wed,339900,320370,19530,1.060959191,961111,829150,-131961,0.86269914,64776446,64150521,-625925,0.990337156
1,12,2024-12-05,Thu,172750,320370,-147620,0.539219477,1281482,1001900,-279582,0.781829224,65096816,64323271,-773545,0.988117005
1,12,2024-12-06,Fri,357560,320370,37190,1.116082872,1601852,1359460,-242392,0.848679954,65417187,64680831,-736356,0.988743698
1,12,2024-12-07,Sat,338550,320370,18180,1.056745319,1922223,1698010,-224213,0.883357515,65737557,65019381,-718176,0.989075102
,12,2024-12-08,Sun,,,,,,,,,,,,
1,12,2024-12-09,Mon,312620,320370,-7750,0.975807774,2242593,2010630,-231963,0.896564695,66057928,65332001,-725927,0.989010758
1,12,2024-12-10,Tue,382740,320370,62370,1.194679378,2562964,2393370,-169594,0.93382903,66378298,65714741,-663557,0.990003404
1,12,2024-12-11,Wed,408230,320370,87860,1.274243514,2883334,2801600,-81734,0.971652862,66698669,66122971,-575698,0.99136868
1,12,2024-12-12,Thu,368560,320370,48190,1.150418121,3203705,3170160,-33545,0.989529388,67019039,66491531,-527508,0.992128983
1,12,2024-12-13,Fri,510650,320370,190280,1.593935895,3524075,3680810,156735,1.044475434,67339409,67002181,-337228,0.994992108
1,12,2024-12-14,Sat,116650,320370,-203720,0.364109708,3844446,3797460,-46986,0.98777829,67659780,67118831,-540949,0.992004867
,12,2024-12-15,Sun,,,,,,,,,,,,
1,12,2024-12-16,Mon,390170,320370,69800,1.217871278,4164816,4187630,22814,1.00547775,67980150,67509001,-471149,0.993069309
1,12,2024-12-17,Tue,336680,320370,16310,1.050908327,4485187,4524310,39123,1.008722792,68300521,67845681,-454840,0.993340609
1,12,2024-12-18,Wed,457010,320370,136640,1.426504736,4805557,4981320,175763,1.036574921,68620891,68302691,-318200,0.995362923
1,12,2024-12-19,Thu,340270,320370,19900,1.062114104,5125928,5321590,195662,1.03817112,68941262,68642961,-298301,0.995673116
1,12,2024-12-20,Fri,433210,320370,112840,1.352215743,5446298,5754800,308502,1.056644333,69261632,69076171,-185461,0.997322308
1,12,2024-12-21,Sat,357950,320370,37580,1.117300213,5766669,6112750,346081,1.060014104,69582003,69434121,-147882,0.997874712
,12,2024-12-22,Sun,,,,,,,,,,,,
1,12,2024-12-23,Mon,170350,320370,-150020,0.53172815,6087039,6283100,196061,1.03220958,69902373,69604471,-297902,0.99573831
1,12,2024-12-24,Tue,303010,320370,-17360,0.945811252,6407410,6586110,178700,1.027889664,70222744,69907481,-315263,0.995510532
1,12,2024-12-25,Wed,348090,320370,27720,1.086523344,6727780,6934200,206420,1.030681744,70543114,70255571,-287543,0.995923865
1,12,2024-12-26,Thu,463050,320370,142680,1.445357909,7048150,7397250,349100,1.049530661,70863485,70718621,-144864,0.997955736
1,12,2024-12-27,Fri,372700,320370,52330,1.16334066,7368521,7769950,401429,1.054478921,71183855,71091321,-92534,0.998700068
1,12,2024-12-28,Sat,129500,320370,-190870,0.404219521,7688891,7899450,210559,1.02738478,71504226,71220821,-283405,0.996036533
,12,2024-12-29,Sun,,,,,,,,,,,,
,12,2024-12-30,Mon,,,,,,,,,,,,
,12,2024-12-31,Tue,,,,,,,,,,,,