日付,費目,金額
2025-01,家賃,0
2025-02,家賃,0
2025-03,家賃,0
2025-04,家賃,0
2025-05,家賃,0
2025-06,家賃,0
2025-07,家賃,0
2025-08,家賃,0
2025-09,家賃,0
2025-10,家賃,0
2025-11,家賃,0
2025-12,家賃,0
2025-01,固定人件費,0
2025-02,固定人件費,0
2025-03,固定人件費,0
2025-04,固定人件費,0
2025-05,固定人件費,0
2025-06,固定人件費,0
2025-07,固定人件費,0
2025-08,固定人件費,0
2025-09,固定人件費,0
2025-10,固定人件費,0
2025-11,固定人件費,0
2025-12,固定人件費,0
2025-01,損害保険,0
2025-02,損害保険,0
2025-03,損害保険,0
2025-04,損害保険,0
2025-05,損害保険,0
2025-06,損害保険,0
2025-07,損害保険,0
2025-08,損害保険,0
2025-09,損害保険,0
2025-10,損害保険,0
2025-11,損害保険,0
2025-12,損害保険,0
2025-01,備品・消耗品仕入費,0
2025-02,備品・消耗品仕入費,0
2025-03,備品・消耗品仕入費,0
2025-04,備品・消耗品仕入費,0
2025-05,備品・消耗品仕入費,0
2025-06,備品・消耗品仕入費,0
2025-07,備品・消耗品仕入費,0
2025-08,備品・消耗品仕入費,0
2025-09,備品・消耗品仕入費,0
2025-10,備品・消耗品仕入費,0
2025-11,備品・消耗品仕入費,0
2025-12,備品・消耗品仕入費,0
2025-01,雑費・小口精算費,0
2025-02,雑費・小口精算費,0
2025-03,雑費・小口精算費,0
2025-04,雑費・小口精算費,0
2025-05,雑費・小口精算費,0
2025-06,雑費・小口精算費,0
2025-07,雑費・小口精算費,0
2025-08,雑費・小口精算費,0
2025-09,雑費・小口精算費,0
2025-10,雑費・小口精算費,0
2025-11,雑費・小口精算費,0
2025-12,雑費・小口精算費,0
2025-01,電気代,0
2025-02,電気代,0
2025-03,電気代,0
2025-04,電気代,0
2025-05,電気代,0
2025-06,電気代,0
2025-07,電気代,0
2025-08,電気代,0
2025-09,電気代,0
2025-10,電気代,0
2025-11,電気代,0
2025-12,電気代,0
2025-01,ガス代,0
2025-02,ガス代,0
2025-03,ガス代,0
2025-04,ガス代,0
2025-05,ガス代,0
2025-06,ガス代,0
2025-07,ガス代,0
2025-08,ガス代,0
2025-09,ガス代,0
2025-10,ガス代,0
2025-11,ガス代,0
2025-12,ガス代,0
2025-01,水道代,0
2025-02,水道代,0
2025-03,水道代,0
2025-04,水道代,0
2025-05,水道代,0
2025-06,水道代,0
2025-07,水道代,0
2025-08,水道代,0
2025-09,水道代,0
2025-10,水道代,0
2025-11,水道代,0
2025-12,水道代,0
2025-01,通信費,0
2025-02,通信費,0
2025-03,通信費,0
2025-04,通信費,0
2025-05,通信費,0
2025-06,通信費,0
2025-07,通信費,0
2025-08,通信費,0
2025-09,通信費,0
2025-10,通信費,0
2025-11,通信費,0
2025-12,通信費,0
2025-01,広告宣伝費,0
2025-02,広告宣伝費,0
2025-03,広告宣伝費,0
2025-04,広告宣伝費,0
2025-05,広告宣伝費,0
2025-06,広告宣伝費,0
2025-07,広告宣伝費,0
2025-08,広告宣伝費,0
2025-09,広告宣伝費,0
2025-10,広告宣伝費,0
2025-11,広告宣伝費,0
2025-12,広告宣伝費,0
2025-01,クレジットカード手数料,0
2025-02,クレジットカード手数料,0
2025-03,クレジットカード手数料,0
2025-04,クレジットカード手数料,0
2025-05,クレジットカード手数料,0
2025-06,クレジットカード手数料,0
2025-07,クレジットカード手数料,0
2025-08,クレジットカード手数料,0
2025-09,クレジットカード手数料,0
2025-10,クレジットカード手数料,0
2025-11,クレジットカード手数料,0
2025-12,クレジットカード手数料,0
2025-01-01,食材仕入れ費,0
2025-01-01,ドリンク仕入れ費,0
2025-01-01,アルバイト人件費,0
2025-01-02,食材仕入れ費,0
2025-01-02,ドリンク仕入れ費,0
2025-01-02,アルバイト人件費,0
2025-01-03,食材仕入れ費,0
2025-01-03,ドリンク仕入れ費,0
2025-01-03,アルバイト人件費,0
2025-01-04,食材仕入れ費,0
2025-01-04,ドリンク仕入れ費,0
2025-01-04,アルバイト人件費,0
2025-01-05,食材仕入れ費,0
2025-01-05,ドリンク仕入れ費,0
2025-01-05,アルバイト人件費,0
2025-01-06,食材仕入れ費,0
2025-01-06,ドリンク仕入れ費,0
2025-01-06,アルバイト人件費,0
2025-01-07,食材仕入れ費,0
2025-01-07,ドリンク仕入れ費,0
2025-01-07,アルバイト人件費,0
2025-01-08,食材仕入れ費,0
2025-01-08,ドリンク仕入れ費,0
2025-01-08,アルバイト人件費,0
2025-01-09,食材仕入れ費,0
2025-01-09,ドリンク仕入れ費,0
2025-01-09,アルバイト人件費,0
2025-01-10,食材仕入れ費,0
2025-01-10,ドリンク仕入れ費,0
2025-01-10,アルバイト人件費,0
2025-01-11,食材仕入れ費,0
2025-01-11,ドリンク仕入れ費,0
2025-01-11,アルバイト人件費,0
2025-01-12,食材仕入れ費,0
2025-01-12,ドリンク仕入れ費,0
2025-01-12,アルバイト人件費,0
2025-01-13,食材仕入れ費,0
2025-01-13,ドリンク仕入れ費,0
2025-01-13,アルバイト人件費,0
2025-01-14,食材仕入れ費,0
2025-01-14,ドリンク仕入れ費,0
2025-01-14,アルバイト人件費,0
2025-01-15,食材仕入れ費,0
2025-01-15,ドリンク仕入れ費,0
2025-01-15,アルバイト人件費,0
2025-01-16,食材仕入れ費,0
2025-01-16,ドリンク仕入れ費,0
2025-01-16,アルバイト人件費,0
2025-01-17,食材仕入れ費,0
2025-01-17,ドリンク仕入れ費,0
2025-01-17,アルバイト人件費,0
2025-01-18,食材仕入れ費,0
2025-01-18,ドリンク仕入れ費,0
2025-01-18,アルバイト人件費,0
2025-01-19,食材仕入れ費,0
2025-01-19,ドリンク仕入れ費,0
2025-01-19,アルバイト人件費,0
2025-01-20,食材仕入れ費,0
2025-01-20,ドリンク仕入れ費,0
2025-01-20,アルバイト人件費,0
2025-01-21,食材仕入れ費,0
2025-01-21,ドリンク仕入れ費,0
2025-01-21,アルバイト人件費,0
2025-01-22,食材仕入れ費,0
2025-01-22,ドリンク仕入れ費,0
2025-01-22,アルバイト人件費,0
2025-01-23,食材仕入れ費,0
2025-01-23,ドリンク仕入れ費,0
2025-01-23,アルバイト人件費,0
2025-01-24,食材仕入れ費,0
2025-01-24,ドリンク仕入れ費,0
2025-01-24,アルバイト人件費,0
2025-01-25,食材仕入れ費,0
2025-01-25,ドリンク仕入れ費,0
2025-01-25,アルバイト人件費,0
2025-01-26,食材仕入れ費,0
2025-01-26,ドリンク仕入れ費,0
2025-01-26,アルバイト人件費,0
2025-01-27,食材仕入れ費,0
2025-01-27,ドリンク仕入れ費,0
2025-01-27,アルバイト人件費,0
2025-01-28,食材仕入れ費,0
2025-01-28,ドリンク仕入れ費,0
2025-01-28,アルバイト人件費,0
2025-01-29,食材仕入れ費,0
2025-01-29,ドリンク仕入れ費,0
2025-01-29,アルバイト人件費,0
2025-01-30,食材仕入れ費,0
2025-01-30,ドリンク仕入れ費,0
2025-01-30,アルバイト人件費,0
2025-01-31,食材仕入れ費,0
2025-01-31,ドリンク仕入れ費,0
2025-01-31,アルバイト人件費,0
2025-02-01,食材仕入れ費,0
2025-02-01,ドリンク仕入れ費,0
2025-02-01,アルバイト人件費,0
2025-02-02,食材仕入れ費,0
2025-02-02,ドリンク仕入れ費,0
2025-02-02,アルバイト人件費,0
2025-02-03,食材仕入れ費,0
2025-02-03,ドリンク仕入れ費,0
2025-02-03,アルバイト人件費,0
2025-02-04,食材仕入れ費,0
2025-02-04,ドリンク仕入れ費,0
2025-02-04,アルバイト人件費,0
2025-02-05,食材仕入れ費,0
2025-02-05,ドリンク仕入れ費,0
2025-02-05,アルバイト人件費,0
2025-02-06,食材仕入れ費,0
2025-02-06,ドリンク仕入れ費,0
2025-02-06,アルバイト人件費,0
2025-02-07,食材仕入れ費,0
2025-02-07,ドリンク仕入れ費,0
2025-02-07,アルバイト人件費,0
2025-02-08,食材仕入れ費,0
2025-02-08,ドリンク仕入れ費,0
2025-02-08,アルバイト人件費,0
2025-02-09,食材仕入れ費,0
2025-02-09,ドリンク仕入れ費,0
2025-02-09,アルバイト人件費,0
2025-02-10,食材仕入れ費,0
2025-02-10,ドリンク仕入れ費,0
2025-02-10,アルバイト人件費,0
2025-02-11,食材仕入れ費,0
2025-02-11,ドリンク仕入れ費,0
2025-02-11,アルバイト人件費,0
2025-02-12,食材仕入れ費,0
2025-02-12,ドリンク仕入れ費,0
2025-02-12,アルバイト人件費,0
2025-02-13,食材仕入れ費,0
2025-02-13,ドリンク仕入れ費,0
2025-02-13,アルバイト人件費,0
2025-02-14,食材仕入れ費,0
2025-02-14,ドリンク仕入れ費,0
2025-02-14,アルバイト人件費,0
2025-02-15,食材仕入れ費,0
2025-02-15,ドリンク仕入れ費,0
2025-02-15,アルバイト人件費,0
2025-02-16,食材仕入れ費,0
2025-02-16,ドリンク仕入れ費,0
2025-02-16,アルバイト人件費,0
2025-02-17,食材仕入れ費,0
2025-02-17,ドリンク仕入れ費,0
2025-02-17,アルバイト人件費,0
2025-02-18,食材仕入れ費,0
2025-02-18,ドリンク仕入れ費,0
2025-02-18,アルバイト人件費,0
2025-02-19,食材仕入れ費,0
2025-02-19,ドリンク仕入れ費,0
2025-02-19,アルバイト人件費,0
2025-02-20,食材仕入れ費,0
2025-02-20,ドリンク仕入れ費,0
2025-02-20,アルバイト人件費,0
2025-02-21,食材仕入れ費,0
2025-02-21,ドリンク仕入れ費,0
2025-02-21,アルバイト人件費,0
2025-02-22,食材仕入れ費,0
2025-02-22,ドリンク仕入れ費,0
2025-02-22,アルバイト人件費,0
2025-02-23,食材仕入れ費,0
2025-02-23,ドリンク仕入れ費,0
2025-02-23,アルバイト人件費,0
2025-02-24,食材仕入れ費,0
2025-02-24,ドリンク仕入れ費,0
2025-02-24,アルバイト人件費,0
2025-02-25,食材仕入れ費,0
2025-02-25,ドリンク仕入れ費,0
2025-02-25,アルバイト人件費,0
2025-02-26,食材仕入れ費,0
2025-02-26,ドリンク仕入れ費,0
2025-02-26,アルバイト人件費,0
2025-02-27,食材仕入れ費,0
2025-02-27,ドリンク仕入れ費,0
2025-02-27,アルバイト人件費,0
2025-02-28,食材仕入れ費,0
2025-02-28,ドリンク仕入れ費,0
2025-02-28,アルバイト人件費,0
2025-03-01,食材仕入れ費,0
2025-03-01,ドリンク仕入れ費,0
2025-03-01,アルバイト人件費,0
2025-03-02,食材仕入れ費,0
2025-03-02,ドリンク仕入れ費,0
2025-03-02,アルバイト人件費,0
2025-03-03,食材仕入れ費,0
2025-03-03,ドリンク仕入れ費,0
2025-03-03,アルバイト人件費,0
2025-03-04,食材仕入れ費,0
2025-03-04,ドリンク仕入れ費,0
2025-03-04,アルバイト人件費,0
2025-03-05,食材仕入れ費,0
2025-03-05,ドリンク仕入れ費,0
2025-03-05,アルバイト人件費,0
2025-03-06,食材仕入れ費,0
2025-03-06,ドリンク仕入れ費,0
2025-03-06,アルバイト人件費,0
2025-03-07,食材仕入れ費,0
2025-03-07,ドリンク仕入れ費,0
2025-03-07,アルバイト人件費,0
2025-03-08,食材仕入れ費,0
2025-03-08,ドリンク仕入れ費,0
2025-03-08,アルバイト人件費,0
2025-03-09,食材仕入れ費,0
2025-03-09,ドリンク仕入れ費,0
2025-03-09,アルバイト人件費,0
2025-03-10,食材仕入れ費,0
2025-03-10,ドリンク仕入れ費,0
2025-03-10,アルバイト人件費,0
2025-03-11,食材仕入れ費,0
2025-03-11,ドリンク仕入れ費,0
2025-03-11,アルバイト人件費,0
2025-03-12,食材仕入れ費,0
2025-03-12,ドリンク仕入れ費,0
2025-03-12,アルバイト人件費,0
2025-03-13,食材仕入れ費,0
2025-03-13,ドリンク仕入れ費,0
2025-03-13,アルバイト人件費,0
2025-03-14,食材仕入れ費,0
2025-03-14,ドリンク仕入れ費,0
2025-03-14,アルバイト人件費,0
2025-03-15,食材仕入れ費,0
2025-03-15,ドリンク仕入れ費,0
2025-03-15,アルバイト人件費,0
2025-03-16,食材仕入れ費,0
2025-03-16,ドリンク仕入れ費,0
2025-03-16,アルバイト人件費,0
2025-03-17,食材仕入れ費,0
2025-03-17,ドリンク仕入れ費,0
2025-03-17,アルバイト人件費,0
2025-03-18,食材仕入れ費,0
2025-03-18,ドリンク仕入れ費,0
2025-03-18,アルバイト人件費,0
2025-03-19,食材仕入れ費,0
2025-03-19,ドリンク仕入れ費,0
2025-03-19,アルバイト人件費,0
2025-03-20,食材仕入れ費,0
2025-03-20,ドリンク仕入れ費,0
2025-03-20,アルバイト人件費,0
2025-03-21,食材仕入れ費,0
2025-03-21,ドリンク仕入れ費,0
2025-03-21,アルバイト人件費,0
2025-03-22,食材仕入れ費,0
2025-03-22,ドリンク仕入れ費,0
2025-03-22,アルバイト人件費,0
2025-03-23,食材仕入れ費,0
2025-03-23,ドリンク仕入れ費,0
2025-03-23,アルバイト人件費,0
2025-03-24,食材仕入れ費,0
2025-03-24,ドリンク仕入れ費,0
2025-03-24,アルバイト人件費,0
2025-03-25,食材仕入れ費,0
2025-03-25,ドリンク仕入れ費,0
2025-03-25,アルバイト人件費,0
2025-03-26,食材仕入れ費,0
2025-03-26,ドリンク仕入れ費,0
2025-03-26,アルバイト人件費,0
2025-03-27,食材仕入れ費,0
2025-03-27,ドリンク仕入れ費,0
2025-03-27,アルバイト人件費,0
2025-03-28,食材仕入れ費,0
2025-03-28,ドリンク仕入れ費,0
2025-03-28,アルバイト人件費,0
2025-03-29,食材仕入れ費,0
2025-03-29,ドリンク仕入れ費,0
2025-03-29,アルバイト人件費,0
2025-03-30,食材仕入れ費,0
2025-03-30,ドリンク仕入れ費,0
2025-03-30,アルバイト人件費,0
2025-03-31,食材仕入れ費,0
2025-03-31,ドリンク仕入れ費,0
2025-03-31,アルバイト人件費,0
2025-04-01,食材仕入れ費,0
2025-04-01,ドリンク仕入れ費,0
2025-04-01,アルバイト人件費,0
2025-04-02,食材仕入れ費,0
2025-04-02,ドリンク仕入れ費,0
2025-04-02,アルバイト人件費,0
2025-04-03,食材仕入れ費,0
2025-04-03,ドリンク仕入れ費,0
2025-04-03,アルバイト人件費,0
2025-04-04,食材仕入れ費,0
2025-04-04,ドリンク仕入れ費,0
2025-04-04,アルバイト人件費,0
2025-04-05,食材仕入れ費,0
2025-04-05,ドリンク仕入れ費,0
2025-04-05,アルバイト人件費,0
2025-04-06,食材仕入れ費,0
2025-04-06,ドリンク仕入れ費,0
2025-04-06,アルバイト人件費,0
2025-04-07,食材仕入れ費,0
2025-04-07,ドリンク仕入れ費,0
2025-04-07,アルバイト人件費,0
2025-04-08,食材仕入れ費,0
2025-04-08,ドリンク仕入れ費,0
2025-04-08,アルバイト人件費,0
2025-04-09,食材仕入れ費,0
2025-04-09,ドリンク仕入れ費,0
2025-04-09,アルバイト人件費,0
2025-04-10,食材仕入れ費,0
2025-04-10,ドリンク仕入れ費,0
2025-04-10,アルバイト人件費,0
2025-04-11,食材仕入れ費,0
2025-04-11,ドリンク仕入れ費,0
2025-04-11,アルバイト人件費,0
2025-04-12,食材仕入れ費,0
2025-04-12,ドリンク仕入れ費,0
2025-04-12,アルバイト人件費,0
2025-04-13,食材仕入れ費,0
2025-04-13,ドリンク仕入れ費,0
2025-04-13,アルバイト人件費,0
2025-04-14,食材仕入れ費,0
2025-04-14,ドリンク仕入れ費,0
2025-04-14,アルバイト人件費,0
2025-04-15,食材仕入れ費,0
2025-04-15,ドリンク仕入れ費,0
2025-04-15,アルバイト人件費,0
2025-04-16,食材仕入れ費,0
2025-04-16,ドリンク仕入れ費,0
2025-04-16,アルバイト人件費,0
2025-04-17,食材仕入れ費,0
2025-04-17,ドリンク仕入れ費,0
2025-04-17,アルバイト人件費,0
2025-04-18,食材仕入れ費,0
2025-04-18,ドリンク仕入れ費,0
2025-04-18,アルバイト人件費,0
2025-04-19,食材仕入れ費,0
2025-04-19,ドリンク仕入れ費,0
2025-04-19,アルバイト人件費,0
2025-04-20,食材仕入れ費,0
2025-04-20,ドリンク仕入れ費,0
2025-04-20,アルバイト人件費,0
2025-04-21,食材仕入れ費,0
2025-04-21,ドリンク仕入れ費,0
2025-04-21,アルバイト人件費,0
2025-04-22,食材仕入れ費,0
2025-04-22,ドリンク仕入れ費,0
2025-04-22,アルバイト人件費,0
2025-04-23,食材仕入れ費,0
2025-04-23,ドリンク仕入れ費,0
2025-04-23,アルバイト人件費,0
2025-04-24,食材仕入れ費,0
2025-04-24,ドリンク仕入れ費,0
2025-04-24,アルバイト人件費,0
2025-04-25,食材仕入れ費,0
2025-04-25,ドリンク仕入れ費,0
2025-04-25,アルバイト人件費,0
2025-04-26,食材仕入れ費,0
2025-04-26,ドリンク仕入れ費,0
2025-04-26,アルバイト人件費,0
2025-04-27,食材仕入れ費,0
2025-04-27,ドリンク仕入れ費,0
2025-04-27,アルバイト人件費,0
2025-04-28,食材仕入れ費,0
2025-04-28,ドリンク仕入れ費,0
2025-04-28,アルバイト人件費,0
2025-04-29,食材仕入れ費,0
2025-04-29,ドリンク仕入れ費,0
2025-04-29,アルバイト人件費,0
2025-04-30,食材仕入れ費,0
2025-04-30,ドリンク仕入れ費,0
2025-04-30,アルバイト人件費,0
2025-05-01,食材仕入れ費,0
2025-05-01,ドリンク仕入れ費,0
2025-05-01,アルバイト人件費,0
2025-05-02,食材仕入れ費,0
2025-05-02,ドリンク仕入れ費,0
2025-05-02,アルバイト人件費,0
2025-05-03,食材仕入れ費,0
2025-05-03,ドリンク仕入れ費,0
2025-05-03,アルバイト人件費,0
2025-05-04,食材仕入れ費,0
2025-05-04,ドリンク仕入れ費,0
2025-05-04,アルバイト人件費,0
2025-05-05,食材仕入れ費,0
2025-05-05,ドリンク仕入れ費,0
2025-05-05,アルバイト人件費,0
2025-05-06,食材仕入れ費,0
2025-05-06,ドリンク仕入れ費,0
2025-05-06,アルバイト人件費,0
2025-05-07,食材仕入れ費,0
2025-05-07,ドリンク仕入れ費,0
2025-05-07,アルバイト人件費,0
2025-05-08,食材仕入れ費,0
2025-05-08,ドリンク仕入れ費,0
2025-05-08,アルバイト人件費,0
2025-05-09,食材仕入れ費,0
2025-05-09,ドリンク仕入れ費,0
2025-05-09,アルバイト人件費,0
2025-05-10,食材仕入れ費,0
2025-05-10,ドリンク仕入れ費,0
2025-05-10,アルバイト人件費,0
2025-05-11,食材仕入れ費,0
2025-05-11,ドリンク仕入れ費,0
2025-05-11,アルバイト人件費,0
2025-05-12,食材仕入れ費,0
2025-05-12,ドリンク仕入れ費,0
2025-05-12,アルバイト人件費,0
2025-05-13,食材仕入れ費,0
2025-05-13,ドリンク仕入れ費,0
2025-05-13,アルバイト人件費,0
2025-05-14,食材仕入れ費,0
2025-05-14,ドリンク仕入れ費,0
2025-05-14,アルバイト人件費,0
2025-05-15,食材仕入れ費,0
2025-05-15,ドリンク仕入れ費,0
2025-05-15,アルバイト人件費,0
2025-05-16,食材仕入れ費,0
2025-05-16,ドリンク仕入れ費,0
2025-05-16,アルバイト人件費,0
2025-05-17,食材仕入れ費,0
2025-05-17,ドリンク仕入れ費,0
2025-05-17,アルバイト人件費,0
2025-05-18,食材仕入れ費,0
2025-05-18,ドリンク仕入れ費,0
2025-05-18,アルバイト人件費,0
2025-05-19,食材仕入れ費,0
2025-05-19,ドリンク仕入れ費,0
2025-05-19,アルバイト人件費,0
2025-05-20,食材仕入れ費,0
2025-05-20,ドリンク仕入れ費,0
2025-05-20,アルバイト人件費,0
2025-05-21,食材仕入れ費,0
2025-05-21,ドリンク仕入れ費,0
2025-05-21,アルバイト人件費,0
2025-05-22,食材仕入れ費,0
2025-05-22,ドリンク仕入れ費,0
2025-05-22,アルバイト人件費,0
2025-05-23,食材仕入れ費,0
2025-05-23,ドリンク仕入れ費,0
2025-05-23,アルバイト人件費,0
2025-05-24,食材仕入れ費,0
2025-05-24,ドリンク仕入れ費,0
2025-05-24,アルバイト人件費,0
2025-05-25,食材仕入れ費,0
2025-05-25,ドリンク仕入れ費,0
2025-05-25,アルバイト人件費,0
2025-05-26,食材仕入れ費,0
2025-05-26,ドリンク仕入れ費,0
2025-05-26,アルバイト人件費,0
2025-05-27,食材仕入れ費,0
2025-05-27,ドリンク仕入れ費,0
2025-05-27,アルバイト人件費,0
2025-05-28,食材仕入れ費,0
2025-05-28,ドリンク仕入れ費,0
2025-05-28,アルバイト人件費,0
2025-05-29,食材仕入れ費,0
2025-05-29,ドリンク仕入れ費,0
2025-05-29,アルバイト人件費,0
2025-05-30,食材仕入れ費,0
2025-05-30,ドリンク仕入れ費,0
2025-05-30,アルバイト人件費,0
2025-05-31,食材仕入れ費,0
2025-05-31,ドリンク仕入れ費,0
2025-05-31,アルバイト人件費,0
2025-06-01,食材仕入れ費,0
2025-06-01,ドリンク仕入れ費,0
2025-06-01,アルバイト人件費,0
2025-06-02,食材仕入れ費,0
2025-06-02,ドリンク仕入れ費,0
2025-06-02,アルバイト人件費,0
2025-06-03,食材仕入れ費,0
2025-06-03,ドリンク仕入れ費,0
2025-06-03,アルバイト人件費,0
2025-06-04,食材仕入れ費,0
2025-06-04,ドリンク仕入れ費,0
2025-06-04,アルバイト人件費,0
2025-06-05,食材仕入れ費,0
2025-06-05,ドリンク仕入れ費,0
2025-06-05,アルバイト人件費,0
2025-06-06,食材仕入れ費,0
2025-06-06,ドリンク仕入れ費,0
2025-06-06,アルバイト人件費,0
2025-06-07,食材仕入れ費,0
2025-06-07,ドリンク仕入れ費,0
2025-06-07,アルバイト人件費,0
2025-06-08,食材仕入れ費,0
2025-06-08,ドリンク仕入れ費,0
2025-06-08,アルバイト人件費,0
2025-06-09,食材仕入れ費,0
2025-06-09,ドリンク仕入れ費,0
2025-06-09,アルバイト人件費,0
2025-06-10,食材仕入れ費,0
2025-06-10,ドリンク仕入れ費,0
2025-06-10,アルバイト人件費,0
2025-06-11,食材仕入れ費,0
2025-06-11,ドリンク仕入れ費,0
2025-06-11,アルバイト人件費,0
2025-06-12,食材仕入れ費,0
2025-06-12,ドリンク仕入れ費,0
2025-06-12,アルバイト人件費,0
2025-06-13,食材仕入れ費,0
2025-06-13,ドリンク仕入れ費,0
2025-06-13,アルバイト人件費,0
2025-06-14,食材仕入れ費,0
2025-06-14,ドリンク仕入れ費,0
2025-06-14,アルバイト人件費,0
2025-06-15,食材仕入れ費,0
2025-06-15,ドリンク仕入れ費,0
2025-06-15,アルバイト人件費,0
2025-06-16,食材仕入れ費,0
2025-06-16,ドリンク仕入れ費,0
2025-06-16,アルバイト人件費,0
2025-06-17,食材仕入れ費,0
2025-06-17,ドリンク仕入れ費,0
2025-06-17,アルバイト人件費,0
2025-06-18,食材仕入れ費,0
2025-06-18,ドリンク仕入れ費,0
2025-06-18,アルバイト人件費,0
2025-06-19,食材仕入れ費,0
2025-06-19,ドリンク仕入れ費,0
2025-06-19,アルバイト人件費,0
2025-06-20,食材仕入れ費,0
2025-06-20,ドリンク仕入れ費,0
2025-06-20,アルバイト人件費,0
2025-06-21,食材仕入れ費,0
2025-06-21,ドリンク仕入れ費,0
2025-06-21,アルバイト人件費,0
2025-06-22,食材仕入れ費,0
2025-06-22,ドリンク仕入れ費,0
2025-06-22,アルバイト人件費,0
2025-06-23,食材仕入れ費,0
2025-06-23,ドリンク仕入れ費,0
2025-06-23,アルバイト人件費,0
2025-06-24,食材仕入れ費,0
2025-06-24,ドリンク仕入れ費,0
2025-06-24,アルバイト人件費,0
2025-06-25,食材仕入れ費,0
2025-06-25,ドリンク仕入れ費,0
2025-06-25,アルバイト人件費,0
2025-06-26,食材仕入れ費,0
2025-06-26,ドリンク仕入れ費,0
2025-06-26,アルバイト人件費,0
2025-06-27,食材仕入れ費,0
2025-06-27,ドリンク仕入れ費,0
2025-06-27,アルバイト人件費,0
2025-06-28,食材仕入れ費,0
2025-06-28,ドリンク仕入れ費,0
2025-06-28,アルバイト人件費,0
2025-06-29,食材仕入れ費,0
2025-06-29,ドリンク仕入れ費,0
2025-06-29,アルバイト人件費,0
2025-06-30,食材仕入れ費,0
2025-06-30,ドリンク仕入れ費,0
2025-06-30,アルバイト人件費,0
2025-07-01,食材仕入れ費,0
2025-07-01,ドリンク仕入れ費,0
2025-07-01,アルバイト人件費,0
2025-07-02,食材仕入れ費,0
2025-07-02,ドリンク仕入れ費,0
2025-07-02,アルバイト人件費,0
2025-07-03,食材仕入れ費,0
2025-07-03,ドリンク仕入れ費,0
2025-07-03,アルバイト人件費,0
2025-07-04,食材仕入れ費,0
2025-07-04,ドリンク仕入れ費,0
2025-07-04,アルバイト人件費,0
2025-07-05,食材仕入れ費,0
2025-07-05,ドリンク仕入れ費,0
2025-07-05,アルバイト人件費,0
2025-07-06,食材仕入れ費,0
2025-07-06,ドリンク仕入れ費,0
2025-07-06,アルバイト人件費,0
2025-07-07,食材仕入れ費,0
2025-07-07,ドリンク仕入れ費,0
2025-07-07,アルバイト人件費,0
2025-07-08,食材仕入れ費,0
2025-07-08,ドリンク仕入れ費,0
2025-07-08,アルバイト人件費,0
2025-07-09,食材仕入れ費,0
2025-07-09,ドリンク仕入れ費,0
2025-07-09,アルバイト人件費,0
2025-07-10,食材仕入れ費,0
2025-07-10,ドリンク仕入れ費,0
2025-07-10,アルバイト人件費,0
2025-07-11,食材仕入れ費,0
2025-07-11,ドリンク仕入れ費,0
2025-07-11,アルバイト人件費,0
2025-07-12,食材仕入れ費,0
2025-07-12,ドリンク仕入れ費,0
2025-07-12,アルバイト人件費,0
2025-07-13,食材仕入れ費,0
2025-07-13,ドリンク仕入れ費,0
2025-07-13,アルバイト人件費,0
2025-07-14,食材仕入れ費,0
2025-07-14,ドリンク仕入れ費,0
2025-07-14,アルバイト人件費,0
2025-07-15,食材仕入れ費,0
2025-07-15,ドリンク仕入れ費,0
2025-07-15,アルバイト人件費,0
2025-07-16,食材仕入れ費,0
2025-07-16,ドリンク仕入れ費,0
2025-07-16,アルバイト人件費,0
2025-07-17,食材仕入れ費,0
2025-07-17,ドリンク仕入れ費,0
2025-07-17,アルバイト人件費,0
2025-07-18,食材仕入れ費,0
2025-07-18,ドリンク仕入れ費,0
2025-07-18,アルバイト人件費,0
2025-07-19,食材仕入れ費,0
2025-07-19,ドリンク仕入れ費,0
2025-07-19,アルバイト人件費,0
2025-07-20,食材仕入れ費,0
2025-07-20,ドリンク仕入れ費,0
2025-07-20,アルバイト人件費,0
2025-07-21,食材仕入れ費,0
2025-07-21,ドリンク仕入れ費,0
2025-07-21,アルバイト人件費,0
2025-07-22,食材仕入れ費,0
2025-07-22,ドリンク仕入れ費,0
2025-07-22,アルバイト人件費,0
2025-07-23,食材仕入れ費,0
2025-07-23,ドリンク仕入れ費,0
2025-07-23,アルバイト人件費,0
2025-07-24,食材仕入れ費,0
2025-07-24,ドリンク仕入れ費,0
2025-07-24,アルバイト人件費,0
2025-07-25,食材仕入れ費,0
2025-07-25,ドリンク仕入れ費,0
2025-07-25,アルバイト人件費,0
2025-07-26,食材仕入れ費,0
2025-07-26,ドリンク仕入れ費,0
2025-07-26,アルバイト人件費,0
2025-07-27,食材仕入れ費,0
2025-07-27,ドリンク仕入れ費,0
2025-07-27,アルバイト人件費,0
2025-07-28,食材仕入れ費,0
2025-07-28,ドリンク仕入れ費,0
2025-07-28,アルバイト人件費,0
2025-07-29,食材仕入れ費,0
2025-07-29,ドリンク仕入れ費,0
2025-07-29,アルバイト人件費,0
2025-07-30,食材仕入れ費,0
2025-07-30,ドリンク仕入れ費,0
2025-07-30,アルバイト人件費,0
2025-07-31,食材仕入れ費,0
2025-07-31,ドリンク仕入れ費,0
2025-07-31,アルバイト人件費,0
2025-08-01,食材仕入れ費,0
2025-08-01,ドリンク仕入れ費,0
2025-08-01,アルバイト人件費,0
2025-08-02,食材仕入れ費,0
2025-08-02,ドリンク仕入れ費,0
2025-08-02,アルバイト人件費,0
2025-08-03,食材仕入れ費,0
2025-08-03,ドリンク仕入れ費,0
2025-08-03,アルバイト人件費,0
2025-08-04,食材仕入れ費,0
2025-08-04,ドリンク仕入れ費,0
2025-08-04,アルバイト人件費,0
2025-08-05,食材仕入れ費,0
2025-08-05,ドリンク仕入れ費,0
2025-08-05,アルバイト人件費,0
2025-08-06,食材仕入れ費,0
2025-08-06,ドリンク仕入れ費,0
2025-08-06,アルバイト人件費,0
2025-08-07,食材仕入れ費,0
2025-08-07,ドリンク仕入れ費,0
2025-08-07,アルバイト人件費,0
2025-08-08,食材仕入れ費,0
2025-08-08,ドリンク仕入れ費,0
2025-08-08,アルバイト人件費,0
2025-08-09,食材仕入れ費,0
2025-08-09,ドリンク仕入れ費,0
2025-08-09,アルバイト人件費,0
2025-08-10,食材仕入れ費,0
2025-08-10,ドリンク仕入れ費,0
2025-08-10,アルバイト人件費,0
2025-08-11,食材仕入れ費,0
2025-08-11,ドリンク仕入れ費,0
2025-08-11,アルバイト人件費,0
2025-08-12,食材仕入れ費,0
2025-08-12,ドリンク仕入れ費,0
2025-08-12,アルバイト人件費,0
2025-08-13,食材仕入れ費,0
2025-08-13,ドリンク仕入れ費,0
2025-08-13,アルバイト人件費,0
2025-08-14,食材仕入れ費,0
2025-08-14,ドリンク仕入れ費,0
2025-08-14,アルバイト人件費,0
2025-08-15,食材仕入れ費,0
2025-08-15,ドリンク仕入れ費,0
2025-08-15,アルバイト人件費,0
2025-08-16,食材仕入れ費,0
2025-08-16,ドリンク仕入れ費,0
2025-08-16,アルバイト人件費,0
2025-08-17,食材仕入れ費,0
2025-08-17,ドリンク仕入れ費,0
2025-08-17,アルバイト人件費,0
2025-08-18,食材仕入れ費,0
2025-08-18,ドリンク仕入れ費,0
2025-08-18,アルバイト人件費,0
2025-08-19,食材仕入れ費,0
2025-08-19,ドリンク仕入れ費,0
2025-08-19,アルバイト人件費,0
2025-08-20,食材仕入れ費,0
2025-08-20,ドリンク仕入れ費,0
2025-08-20,アルバイト人件費,0
2025-08-21,食材仕入れ費,0
2025-08-21,ドリンク仕入れ費,0
2025-08-21,アルバイト人件費,0
2025-08-22,食材仕入れ費,0
2025-08-22,ドリンク仕入れ費,0
2025-08-22,アルバイト人件費,0
2025-08-23,食材仕入れ費,0
2025-08-23,ドリンク仕入れ費,0
2025-08-23,アルバイト人件費,0
2025-08-24,食材仕入れ費,0
2025-08-24,ドリンク仕入れ費,0
2025-08-24,アルバイト人件費,0
2025-08-25,食材仕入れ費,0
2025-08-25,ドリンク仕入れ費,0
2025-08-25,アルバイト人件費,0
2025-08-26,食材仕入れ費,0
2025-08-26,ドリンク仕入れ費,0
2025-08-26,アルバイト人件費,0
2025-08-27,食材仕入れ費,0
2025-08-27,ドリンク仕入れ費,0
2025-08-27,アルバイト人件費,0
2025-08-28,食材仕入れ費,0
2025-08-28,ドリンク仕入れ費,0
2025-08-28,アルバイト人件費,0
2025-08-29,食材仕入れ費,0
2025-08-29,ドリンク仕入れ費,0
2025-08-29,アルバイト人件費,0
2025-08-30,食材仕入れ費,0
2025-08-30,ドリンク仕入れ費,0
2025-08-30,アルバイト人件費,0
2025-08-31,食材仕入れ費,0
2025-08-31,ドリンク仕入れ費,0
2025-08-31,アルバイト人件費,0
2025-09-01,食材仕入れ費,0
2025-09-01,ドリンク仕入れ費,0
2025-09-01,アルバイト人件費,0
2025-09-02,食材仕入れ費,0
2025-09-02,ドリンク仕入れ費,0
2025-09-02,アルバイト人件費,0
2025-09-03,食材仕入れ費,0
2025-09-03,ドリンク仕入れ費,0
2025-09-03,アルバイト人件費,0
2025-09-04,食材仕入れ費,0
2025-09-04,ドリンク仕入れ費,0
2025-09-04,アルバイト人件費,0
2025-09-05,食材仕入れ費,0
2025-09-05,ドリンク仕入れ費,0
2025-09-05,アルバイト人件費,0
2025-09-06,食材仕入れ費,0
2025-09-06,ドリンク仕入れ費,0
2025-09-06,アルバイト人件費,0
2025-09-07,食材仕入れ費,0
2025-09-07,ドリンク仕入れ費,0
2025-09-07,アルバイト人件費,0
2025-09-08,食材仕入れ費,0
2025-09-08,ドリンク仕入れ費,0
2025-09-08,アルバイト人件費,0
2025-09-09,食材仕入れ費,0
2025-09-09,ドリンク仕入れ費,0
2025-09-09,アルバイト人件費,0
2025-09-10,食材仕入れ費,0
2025-09-10,ドリンク仕入れ費,0
2025-09-10,アルバイト人件費,0
2025-09-11,食材仕入れ費,0
2025-09-11,ドリンク仕入れ費,0
2025-09-11,アルバイト人件費,0
2025-09-12,食材仕入れ費,0
2025-09-12,ドリンク仕入れ費,0
2025-09-12,アルバイト人件費,0
2025-09-13,食材仕入れ費,0
2025-09-13,ドリンク仕入れ費,0
2025-09-13,アルバイト人件費,0
2025-09-14,食材仕入れ費,0
2025-09-14,ドリンク仕入れ費,0
2025-09-14,アルバイト人件費,0
2025-09-15,食材仕入れ費,0
2025-09-15,ドリンク仕入れ費,0
2025-09-15,アルバイト人件費,0
2025-09-16,食材仕入れ費,0
2025-09-16,ドリンク仕入れ費,0
2025-09-16,アルバイト人件費,0
2025-09-17,食材仕入れ費,0
2025-09-17,ドリンク仕入れ費,0
2025-09-17,アルバイト人件費,0
2025-09-18,食材仕入れ費,0
2025-09-18,ドリンク仕入れ費,0
2025-09-18,アルバイト人件費,0
2025-09-19,食材仕入れ費,0
2025-09-19,ドリンク仕入れ費,0
2025-09-19,アルバイト人件費,0
2025-09-20,食材仕入れ費,0
2025-09-20,ドリンク仕入れ費,0
2025-09-20,アルバイト人件費,0
2025-09-21,食材仕入れ費,0
2025-09-21,ドリンク仕入れ費,0
2025-09-21,アルバイト人件費,0
2025-09-22,食材仕入れ費,0
2025-09-22,ドリンク仕入れ費,0
2025-09-22,アルバイト人件費,0
2025-09-23,食材仕入れ費,0
2025-09-23,ドリンク仕入れ費,0
2025-09-23,アルバイト人件費,0
2025-09-24,食材仕入れ費,0
2025-09-24,ドリンク仕入れ費,0
2025-09-24,アルバイト人件費,0
2025-09-25,食材仕入れ費,0
2025-09-25,ドリンク仕入れ費,0
2025-09-25,アルバイト人件費,0
2025-09-26,食材仕入れ費,0
2025-09-26,ドリンク仕入れ費,0
2025-09-26,アルバイト人件費,0
2025-09-27,食材仕入れ費,0
2025-09-27,ドリンク仕入れ費,0
2025-09-27,アルバイト人件費,0
2025-09-28,食材仕入れ費,0
2025-09-28,ドリンク仕入れ費,0
2025-09-28,アルバイト人件費,0
2025-09-29,食材仕入れ費,0
2025-09-29,ドリンク仕入れ費,0
2025-09-29,アルバイト人件費,0
2025-09-30,食材仕入れ費,0
2025-09-30,ドリンク仕入れ費,0
2025-09-30,アルバイト人件費,0
2025-10-01,食材仕入れ費,0
2025-10-01,ドリンク仕入れ費,0
2025-10-01,アルバイト人件費,0
2025-10-02,食材仕入れ費,0
2025-10-02,ドリンク仕入れ費,0
2025-10-02,アルバイト人件費,0
2025-10-03,食材仕入れ費,0
2025-10-03,ドリンク仕入れ費,0
2025-10-03,アルバイト人件費,0
2025-10-04,食材仕入れ費,0
2025-10-04,ドリンク仕入れ費,0
2025-10-04,アルバイト人件費,0
2025-10-05,食材仕入れ費,0
2025-10-05,ドリンク仕入れ費,0
2025-10-05,アルバイト人件費,0
2025-10-06,食材仕入れ費,0
2025-10-06,ドリンク仕入れ費,0
2025-10-06,アルバイト人件費,0
2025-10-07,食材仕入れ費,0
2025-10-07,ドリンク仕入れ費,0
2025-10-07,アルバイト人件費,0
2025-10-08,食材仕入れ費,0
2025-10-08,ドリンク仕入れ費,0
2025-10-08,アルバイト人件費,0
2025-10-09,食材仕入れ費,0
2025-10-09,ドリンク仕入れ費,0
2025-10-09,アルバイト人件費,0
2025-10-10,食材仕入れ費,0
2025-10-10,ドリンク仕入れ費,0
2025-10-10,アルバイト人件費,0
2025-10-11,食材仕入れ費,0
2025-10-11,ドリンク仕入れ費,0
2025-10-11,アルバイト人件費,0
2025-10-12,食材仕入れ費,0
2025-10-12,ドリンク仕入れ費,0
2025-10-12,アルバイト人件費,0
2025-10-13,食材仕入れ費,0
2025-10-13,ドリンク仕入れ費,0
2025-10-13,アルバイト人件費,0
2025-10-14,食材仕入れ費,0
2025-10-14,ドリンク仕入れ費,0
2025-10-14,アルバイト人件費,0
2025-10-15,食材仕入れ費,0
2025-10-15,ドリンク仕入れ費,0
2025-10-15,アルバイト人件費,0
2025-10-16,食材仕入れ費,0
2025-10-16,ドリンク仕入れ費,0
2025-10-16,アルバイト人件費,0
2025-10-17,食材仕入れ費,0
2025-10-17,ドリンク仕入れ費,0
2025-10-17,アルバイト人件費,0
2025-10-18,食材仕入れ費,0
2025-10-18,ドリンク仕入れ費,0
2025-10-18,アルバイト人件費,0
2025-10-19,食材仕入れ費,0
2025-10-19,ドリンク仕入れ費,0
2025-10-19,アルバイト人件費,0
2025-10-20,食材仕入れ費,0
2025-10-20,ドリンク仕入れ費,0
2025-10-20,アルバイト人件費,0
2025-10-21,食材仕入れ費,0
2025-10-21,ドリンク仕入れ費,0
2025-10-21,アルバイト人件費,0
2025-10-22,食材仕入れ費,0
2025-10-22,ドリンク仕入れ費,0
2025-10-22,アルバイト人件費,0
2025-10-23,食材仕入れ費,0
2025-10-23,ドリンク仕入れ費,0
2025-10-23,アルバイト人件費,0
2025-10-24,食材仕入れ費,0
2025-10-24,ドリンク仕入れ費,0
2025-10-24,アルバイト人件費,0
2025-10-25,食材仕入れ費,0
2025-10-25,ドリンク仕入れ費,0
2025-10-25,アルバイト人件費,0
2025-10-26,食材仕入れ費,0
2025-10-26,ドリンク仕入れ費,0
2025-10-26,アルバイト人件費,0
2025-10-27,食材仕入れ費,0
2025-10-27,ドリンク仕入れ費,0
2025-10-27,アルバイト人件費,0
2025-10-28,食材仕入れ費,0
2025-10-28,ドリンク仕入れ費,0
2025-10-28,アルバイト人件費,0
2025-10-29,食材仕入れ費,0
2025-10-29,ドリンク仕入れ費,0
2025-10-29,アルバイト人件費,0
2025-10-30,食材仕入れ費,0
2025-10-30,ドリンク仕入れ費,0
2025-10-30,アルバイト人件費,0
2025-10-31,食材仕入れ費,0
2025-10-31,ドリンク仕入れ費,0
2025-10-31,アルバイト人件費,0
2025-11-01,食材仕入れ費,0
2025-11-01,ドリンク仕入れ費,0
2025-11-01,アルバイト人件費,0
2025-11-02,食材仕入れ費,0
2025-11-02,ドリンク仕入れ費,0
2025-11-02,アルバイト人件費,0
2025-11-03,食材仕入れ費,0
2025-11-03,ドリンク仕入れ費,0
2025-11-03,アルバイト人件費,0
2025-11-04,食材仕入れ費,0
2025-11-04,ドリンク仕入れ費,0
2025-11-04,アルバイト人件費,0
2025-11-05,食材仕入れ費,0
2025-11-05,ドリンク仕入れ費,0
2025-11-05,アルバイト人件費,0
2025-11-06,食材仕入れ費,0
2025-11-06,ドリンク仕入れ費,0
2025-11-06,アルバイト人件費,0
2025-11-07,食材仕入れ費,0
2025-11-07,ドリンク仕入れ費,0
2025-11-07,アルバイト人件費,0
2025-11-08,食材仕入れ費,0
2025-11-08,ドリンク仕入れ費,0
2025-11-08,アルバイト人件費,0
2025-11-09,食材仕入れ費,0
2025-11-09,ドリンク仕入れ費,0
2025-11-09,アルバイト人件費,0
2025-11-10,食材仕入れ費,0
2025-11-10,ドリンク仕入れ費,0
2025-11-10,アルバイト人件費,0
2025-11-11,食材仕入れ費,0
2025-11-11,ドリンク仕入れ費,0
2025-11-11,アルバイト人件費,0
2025-11-12,食材仕入れ費,0
2025-11-12,ドリンク仕入れ費,0
2025-11-12,アルバイト人件費,0
2025-11-13,食材仕入れ費,0
2025-11-13,ドリンク仕入れ費,0
2025-11-13,アルバイト人件費,0
2025-11-14,食材仕入れ費,0
2025-11-14,ドリンク仕入れ費,0
2025-11-14,アルバイト人件費,0
2025-11-15,食材仕入れ費,0
2025-11-15,ドリンク仕入れ費,0
2025-11-15,アルバイト人件費,0
2025-11-16,食材仕入れ費,0
2025-11-16,ドリンク仕入れ費,0
2025-11-16,アルバイト人件費,0
2025-11-17,食材仕入れ費,0
2025-11-17,ドリンク仕入れ費,0
2025-11-17,アルバイト人件費,0
2025-11-18,食材仕入れ費,0
2025-11-18,ドリンク仕入れ費,0
2025-11-18,アルバイト人件費,0
2025-11-19,食材仕入れ費,0
2025-11-19,ドリンク仕入れ費,0
2025-11-19,アルバイト人件費,0
2025-11-20,食材仕入れ費,0
2025-11-20,ドリンク仕入れ費,0
2025-11-20,アルバイト人件費,0
2025-11-21,食材仕入れ費,0
2025-11-21,ドリンク仕入れ費,0
2025-11-21,アルバイト人件費,0
2025-11-22,食材仕入れ費,0
2025-11-22,ドリンク仕入れ費,0
2025-11-22,アルバイト人件費,0
2025-11-23,食材仕入れ費,0
2025-11-23,ドリンク仕入れ費,0
2025-11-23,アルバイト人件費,0
2025-11-24,食材仕入れ費,0
2025-11-24,ドリンク仕入れ費,0
2025-11-24,アルバイト人件費,0
2025-11-25,食材仕入れ費,0
2025-11-25,ドリンク仕入れ費,0
2025-11-25,アルバイト人件費,0
2025-11-26,食材仕入れ費,0
2025-11-26,ドリンク仕入れ費,0
2025-11-26,アルバイト人件費,0
2025-11-27,食材仕入れ費,0
2025-11-27,ドリンク仕入れ費,0
2025-11-27,アルバイト人件費,0
2025-11-28,食材仕入れ費,0
2025-11-28,ドリンク仕入れ費,0
2025-11-28,アルバイト人件費,0
2025-11-29,食材仕入れ費,0
2025-11-29,ドリンク仕入れ費,0
2025-11-29,アルバイト人件費,0
2025-11-30,食材仕入れ費,0
2025-11-30,ドリンク仕入れ費,0
2025-11-30,アルバイト人件費,0
2025-12-01,食材仕入れ費,0
2025-12-01,ドリンク仕入れ費,0
2025-12-01,アルバイト人件費,0
2025-12-02,食材仕入れ費,0
2025-12-02,ドリンク仕入れ費,0
2025-12-02,アルバイト人件費,0
2025-12-03,食材仕入れ費,0
2025-12-03,ドリンク仕入れ費,0
2025-12-03,アルバイト人件費,0
2025-12-04,食材仕入れ費,0
2025-12-04,ドリンク仕入れ費,0
2025-12-04,アルバイト人件費,0
2025-12-05,食材仕入れ費,0
2025-12-05,ドリンク仕入れ費,0
2025-12-05,アルバイト人件費,0
2025-12-06,食材仕入れ費,0
2025-12-06,ドリンク仕入れ費,0
2025-12-06,アルバイト人件費,0
2025-12-07,食材仕入れ費,0
2025-12-07,ドリンク仕入れ費,0
2025-12-07,アルバイト人件費,0
2025-12-08,食材仕入れ費,0
2025-12-08,ドリンク仕入れ費,0
2025-12-08,アルバイト人件費,0
2025-12-09,食材仕入れ費,0
2025-12-09,ドリンク仕入れ費,0
2025-12-09,アルバイト人件費,0
2025-12-10,食材仕入れ費,0
2025-12-10,ドリンク仕入れ費,0
2025-12-10,アルバイト人件費,0
2025-12-11,食材仕入れ費,0
2025-12-11,ドリンク仕入れ費,0
2025-12-11,アルバイト人件費,0
2025-12-12,食材仕入れ費,0
2025-12-12,ドリンク仕入れ費,0
2025-12-12,アルバイト人件費,0
2025-12-13,食材仕入れ費,0
2025-12-13,ドリンク仕入れ費,0
2025-12-13,アルバイト人件費,0
2025-12-14,食材仕入れ費,0
2025-12-14,ドリンク仕入れ費,0
2025-12-14,アルバイト人件費,0
2025-12-15,食材仕入れ費,0
2025-12-15,ドリンク仕入れ費,0
2025-12-15,アルバイト人件費,0
2025-12-16,食材仕入れ費,0
2025-12-16,ドリンク仕入れ費,0
2025-12-16,アルバイト人件費,0
2025-12-17,食材仕入れ費,0
2025-12-17,ドリンク仕入れ費,0
2025-12-17,アルバイト人件費,0
2025-12-18,食材仕入れ費,0
2025-12-18,ドリンク仕入れ費,0
2025-12-18,アルバイト人件費,0
2025-12-19,食材仕入れ費,0
2025-12-19,ドリンク仕入れ費,0
2025-12-19,アルバイト人件費,0
2025-12-20,食材仕入れ費,0
2025-12-20,ドリンク仕入れ費,0
2025-12-20,アルバイト人件費,0
2025-12-21,食材仕入れ費,0
2025-12-21,ドリンク仕入れ費,0
2025-12-21,アルバイト人件費,0
2025-12-22,食材仕入れ費,0
2025-12-22,ドリンク仕入れ費,0
2025-12-22,アルバイト人件費,0
2025-12-23,食材仕入れ費,0
2025-12-23,ドリンク仕入れ費,0
2025-12-23,アルバイト人件費,0
2025-12-24,食材仕入れ費,0
2025-12-24,ドリンク仕入れ費,0
2025-12-24,アルバイト人件費,0
2025-12-25,食材仕入れ費,0
2025-12-25,ドリンク仕入れ費,0
2025-12-25,アルバイト人件費,0
2025-12-26,食材仕入れ費,0
2025-12-26,ドリンク仕入れ費,0
2025-12-26,アルバイト人件費,0
2025-12-27,食材仕入れ費,0
2025-12-27,ドリンク仕入れ費,0
2025-12-27,アルバイト人件費,0
2025-12-28,食材仕入れ費,0
2025-12-28,ドリンク仕入れ費,0
2025-12-28,アルバイト人件費,0
2025-12-29,食材仕入れ費,0
2025-12-29,ドリンク仕入れ費,0
2025-12-29,アルバイト人件費,0
2025-12-30,食材仕入れ費,0
2025-12-30,ドリンク仕入れ費,0
2025-12-30,アルバイト人件費,0
2025-12-31,食材仕入れ費,0
2025-12-31,ドリンク仕入れ費,0
2025-12-31,アルバイト人件費,0
